id,attack,control,evidence,residual,status
A01,Public authorization diverges from secret-reader semantics.,Authorization counts distinct exact issued carriers under canonical parsing and remains reader independent.,tests/test_security_boundaries.py; results/raw/proof-implementation-checks.json,The closure must still be chosen before the attack.,CLOSED
A02,A deterministic product formula is applied to loose risk upper bounds.,The product theorem bounds actual conditional hazards; a counterexample separates it from a loose certificate.,paper/main.tex; paper/supplement.tex; results/raw/proof-implementation-checks.json,The additive certificate can be loose.,CLOSED
A03,Threshold reading enumerates exponentially many subsets.,One interpolation basis plus residual evaluation is proved equivalent and exhaustively compared on a finite field.,contextmark/threshold_backend.py; tests/test_security_boundaries.py,The construction remains a finite-language instance.,CLOSED
A04,A failed request is retried to obtain another sample under the same derived key.,Success and failure become authenticated terminal registry states before a retry can invoke the backend.,contextmark/compiler.py; tests/test_contextmark.py,Rollback requires monotonic storage or transparency.,CLOSED
A05,A valid chain and artifact resume issuance without failed-attempt history.,Nonempty continuation requires live or restored terminal registry coverage.,contextmark/compiler.py; results/raw/resume-registry-continuity-audit.json,Snapshot authentication alone does not prove freshness.,CLOSED
A06,Marginal calibration hides history-dependent deployment shift.,The theorem requires historywise next-challenge kernel domination and includes an equal-marginal counterexample.,paper/supplement.tex; results/raw/equal-marginal-history-counterexample.json,Deployment must supply the domination certificate.,CLOSED
A07,A local verifier is claimed to prevent global forks.,A boundary theorem shows that a stateless verifier accepts two individually valid branches without shared consistency state.,paper/main.tex; paper/supplement.tex,Global consistency remains external.,CLOSED
A08,Finite campaigns are presented as realistic attack-distribution evidence.,The paper labels them deterministic correspondence checks and retains the removable negative control.,artifact/overfitting-audit.json; paper/main.tex,Production attack evaluation remains open.,CLOSED
A09,Closest recent work erases the novelty delta.,"The comparison explicitly covers code carriers, model lineage, cross-layer contradiction, data lineage, and software attestation; the claim is narrowed to the joint software-lineage contract.",literature/novelty-comparison.csv; literature/novelty-boundary.md,Priority is not proven by bounded search.,CLOSED_WITH_SCOPE_LIMIT
A10,Author placeholders are mistaken for a submission-ready author list.,Only the three supplied identities are printed; three equal slots remain blank; the submission policy is HOLD.,paper/main.tex; artifact/author-metadata.json,Positions 4--6 and final accountability remain unresolved.,OPEN_EXTERNAL
A11,A same-key multi-payload carrier experiment is presented as the compiler coalition although the compiler derives one key per context.,The compiled Gamma binds each valid signed tip to its own derived key and exact payload; Trace_Gamma is evaluated per context. The same-key experiment is labeled a reader stress test only.,paper/main.tex:par:compiled-coalition; paper/supplement.tex:Compiled distinct-context coalition; results/raw/threshold-compiled-gamma.json; results/raw/threshold-coalition-cells.csv,Other key-sharing schedules require a separately declared primitive theorem.,CLOSED
A12,"The threshold audit passes when a nonempty expected set yields no result, an empty set yields a payload, or scalar selection is wrong.","Pass conditions compare the complete candidate set, empty/nonempty behavior, canonical scalar output, and all 25 still-reads results; faulty test doubles must fail.",contextmark/campaigns.py; tests/test_contextmark.py; results/raw/threshold-shared-key-candidate-cells.csv; results/raw/threshold-coalition-cells.csv,Finite enumeration does not estimate a production error rate.,CLOSED
A13,Verified-tip construction is timed before the final chain export and compared with replay at a different output boundary.,The common timing boundary includes one final full-chain and tip export; append-only and export costs are reported separately; every distinct export is verified outside construction timing.,run_experiments.py; results/raw/compiler-scaling-samples.csv; results/derived/compiler-scaling.csv,Measurements describe one CPU allocation.,CLOSED
A14,"The 42 rows, 384 cells, and five architectures are described as independent interactions despite sharing one Boolean rule.",All outputs and manuscript claims identify them as truth-table consistency views of REQUIRED with independent_interaction_evidence=false.,contextmark/finite_model.py; results/raw/finite-attack-harness-summary.json; results/raw/safeguard-lattice-summary.json; paper/main.tex,Real mechanism interaction remains outside this finite model.,CLOSED_WITH_SCOPE_LIMIT
A15,"A valid upper certificate above one is rejected before the final cap, or noncanonical ignored fields and backend exceptions escape verification.",Evidence-conditioned sums cap at one; complete artifact canonicalization includes binder-ignored fields; binder and reader RuntimeError become rejection.,contextmark/bounds.py; contextmark/compiler.py; contextmark/assurance_checks.py; tests/test_contextmark.py; results/raw/proof-implementation-checks.json,Other implementation languages require the same fail-closed boundary.,CLOSED
A16,The documented --root command works only for one repository layout or mutates the tree.,"verify_release classifies full scientific package and standalone artifact roots, checks only project-scoped evidence, runs bytecode-disabled tests, and requires an unchanged tree.",verify_release.py; results_manifest.csv:R05; detached final receipt,Integrity verification is not independent scientific review.,CLOSED
