"citation_key","citation_order","manuscript_location","source_locator","identifier","claim_kind","exact_local_claim_tex","verification_level","support_limit"
"tuf2010","1","paper/main.tex:L79","https://dblp.org/rec/conf/ccs/SamuelMCD10.html","10.1145/1866307.1866315","local_sentence","A software release is the endpoint of source production, review, transformation, compilation, packaging, signing, distribution, and patching. Supply-chain systems authenticate parts of that history; Table~\ref{tab:closest} summarizes in-toto as a representative layout-based design. TUF limits update compromise through delegated roles, thresholds, and expiry~\cite{tuf2010}. Sigstore combines short-lived signing identities with transparency evidence~\cite{sigstore2022}. These mechanisms protect detached statements and authorization decisions. They do not, by themselves, show that a permitted derivative still contains an embedded trace or that a copied trace belongs to the lineage presented beside it.","BIBLIOGRAPHIC_RECORD_ONLY_PRIMARY_FULLTEXT_NOT_RETRIEVED","No full-text reread of the entire article is claimed; support checked at the accessible abstract/record level."
"sigstore2022","2","paper/main.tex:L79","https://dblp.org/rec/conf/ccs/NewmanMT22.html","10.1145/3548606.3560596","local_sentence","A software release is the endpoint of source production, review, transformation, compilation, packaging, signing, distribution, and patching. Supply-chain systems authenticate parts of that history; Table~\ref{tab:closest} summarizes in-toto as a representative layout-based design. TUF limits update compromise through delegated roles, thresholds, and expiry~\cite{tuf2010}. Sigstore combines short-lived signing identities with transparency evidence~\cite{sigstore2022}. These mechanisms protect detached statements and authorization decisions. They do not, by themselves, show that a permitted derivative still contains an embedded trace or that a copied trace belongs to the lineage presented beside it.","BIBLIOGRAPHIC_RECORD_ONLY_PRIMARY_FULLTEXT_NOT_RETRIEVED","No full-text reread of the entire article is claimed; support checked at the accessible abstract/record level."
"authcontradictions2026","3","paper/main.tex:L80","https://arxiv.org/abs/2603.02378","2603.02378","local_sentence","A recent media-provenance study exhibits the same cross-layer failure mode: a valid provenance manifest and a valid watermark can assert incompatible origins when each layer is checked in isolation~\cite{authcontradictions2026}.","PRIMARY_RECORD_OR_AUTHOR_ABSTRACT","Cited arXiv version; author comment reports acceptance at CVPR 2026 APAI workshop. Not labelled wholly unreviewed."
"collberg1999","4","paper/main.tex:L82","https://dblp.uni-trier.de/rec/conf/popl/CollbergT99.html","10.1145/292540.292569","local_sentence","Software watermarking protects the artifact rather than its detached history. The classical program model separates embedding, recognition, stealth, and resilience~\cite{collberg1999}. Recent source-code schemes use lexical, syntax-tree, and contextual-renaming channels; Table~\ref{tab:closest} separates their artifact-local objectives from the lineage-composition objective here. Such schemes are plausible backends, but their local claims concern a marked program, payload, detector, or bounded attack family. They do not authenticate where that mark occurs in a signed multi-stage derivation.","BIBLIOGRAPHIC_RECORD_ONLY_PRIMARY_FULLTEXT_NOT_RETRIEVED","No full-text reread of the entire article is claimed; support checked at the accessible abstract/record level."
"myles2005","5","paper/main.tex:L171","https://experts.arizona.edu/en/publications/k-gram-software-birthmarks/","10.1145/1066677.1066753","local_sentence","A byte digest can separate unrelated files while rejecting benign rebuilding. A coarse normalized digest can remain stable while collapsing policy-distinct programs. Software birthmarks face the same transformation-versus-separation tension~\cite{myles2005}. Empirical binder evidence is usable only when its conditional challenge kernel dominates the kernel reached by the compiled adversary.","PRIMARY_RECORD_OR_AUTHOR_ABSTRACT","No full-text reread of the entire article is claimed; support checked at the accessible abstract/record level."
"adelsbach2006","6","paper/main.tex:L175","https://www.researchgate.net/publication/220722261_A_Computational_Model_for_Watermark_Robustness","10.1007/978-3-540-74124-4_10","local_sentence","A backend $\mathcal W=(\Mark,\Read)$ accepts a key $k$, program $P$, and payload $d$. It returns a marked artifact $X$; the reader returns a payload or $\bot$. Each game includes its frozen host generator, leakage, transformation surface, detector oracle, stopping rule, and copy pattern. Adversarial watermark models make such surfaces explicit~\cite{adelsbach2006}.","BIBLIOGRAPHIC_RECORD_ONLY_PRIMARY_FULLTEXT_NOT_RETRIEVED","No full-text reread of the entire article is claimed; support checked at the accessible abstract/record level."
"craver1998","7","paper/main.tex:L191","https://doi.org/10.1109/49.668979","10.1109/49.668979","local_sentence","Detection alone need not settle ownership~\cite{craver1998}. Copy- and ambiguity-resistant watermarking therefore requires an explicit relation between the mark and host~\cite{adelsbach2003}.","PRIMARY_INSTITUTIONAL_METADATA","Institutional metadata was cross-checked; full proof text not retrieved."
"adelsbach2003","8","paper/main.tex:L191","https://doi.org/10.1145/947380.947395","10.1145/947380.947395","local_sentence","Detection alone need not settle ownership~\cite{craver1998}. Copy- and ambiguity-resistant watermarking therefore requires an explicit relation between the mark and host~\cite{adelsbach2003}.","BIBLIOGRAPHIC_RECORD_ONLY_PRIMARY_FULLTEXT_NOT_RETRIEVED","No full-text reread of the entire article is claimed; support checked at the accessible abstract/record level."
"bonehshaw1998","9","paper/main.tex:L203","https://doi.org/10.1109/18.705568","10.1109/18.705568","local_sentence","One-copy resilience does not imply coalition security; classical fingerprinting formalizes the separate obligation~\cite{bonehshaw1998}. Optimal probabilistic codes show how sharply coalition size can affect tracing rates~\cite{tardos2008}. The compiler preserves the selected trace predicate and does not strengthen it. A same-key, multi-payload reader experiment is therefore only a backend stress test; the compiler's joint instance evaluates this trace set with one derived key per signed context.","BIBLIOGRAPHIC_RECORD_ONLY_PRIMARY_FULLTEXT_NOT_RETRIEVED","No full-text reread of the entire article is claimed; support checked at the accessible abstract/record level."
"tardos2008","10","paper/main.tex:L203","https://doi.org/10.1145/1346330.1346335","10.1145/1346330.1346335","local_sentence","One-copy resilience does not imply coalition security; classical fingerprinting formalizes the separate obligation~\cite{bonehshaw1998}. Optimal probabilistic codes show how sharply coalition size can affect tracing rates~\cite{tardos2008}. The compiler preserves the selected trace predicate and does not strengthen it. A same-key, multi-payload reader experiment is therefore only a backend stress test; the compiler's joint instance evaluates this trace set with one derived key per signed context.","PRIMARY_INSTITUTIONAL_METADATA","Institutional metadata was cross-checked; full proof text not retrieved."
"ggm1986","11","paper/main.tex:L207","https://doi.org/10.1145/6490.6503","10.1145/6490.6503","local_sentence","Let $\PRF_K$ be domain separated. For at most $Q_{\rm att}$ distinct attempted contexts, $\eps_{\rm prf}(Q_{\rm att})$ bounds replacing all derived keys with independent uniform keys. Pseudorandom functions provide the base indistinguishability notion~\cite{ggm1986}. Multi-instance reductions require concrete accounting rather than silently reusing a one-user theorem~\cite{bellare2000}. The reference implementation instantiates key derivation with HMAC~\cite{hmac1996}.","PRIMARY_RECORD_OR_AUTHOR_ABSTRACT","No full-text reread of the entire article is claimed; support checked at the accessible abstract/record level."
"bellare2000","12","paper/main.tex:L207","https://doi.org/10.1007/3-540-45539-6_18","10.1007/3-540-45539-6_18","local_sentence","Let $\PRF_K$ be domain separated. For at most $Q_{\rm att}$ distinct attempted contexts, $\eps_{\rm prf}(Q_{\rm att})$ bounds replacing all derived keys with independent uniform keys. Pseudorandom functions provide the base indistinguishability notion~\cite{ggm1986}. Multi-instance reductions require concrete accounting rather than silently reusing a one-user theorem~\cite{bellare2000}. The reference implementation instantiates key derivation with HMAC~\cite{hmac1996}.","BIBLIOGRAPHIC_RECORD_ONLY_PRIMARY_FULLTEXT_NOT_RETRIEVED","No full-text reread of the entire article is claimed; support checked at the accessible abstract/record level."
"hmac1996","13","paper/main.tex:L207","https://cris.tau.ac.il/en/publications/keying-hash-functions-for-message-authentication/","10.1007/3-540-68697-5_1","local_sentence","Let $\PRF_K$ be domain separated. For at most $Q_{\rm att}$ distinct attempted contexts, $\eps_{\rm prf}(Q_{\rm att})$ bounds replacing all derived keys with independent uniform keys. Pseudorandom functions provide the base indistinguishability notion~\cite{ggm1986}. Multi-instance reductions require concrete accounting rather than silently reusing a one-user theorem~\cite{bellare2000}. The reference implementation instantiates key derivation with HMAC~\cite{hmac1996}.","PRIMARY_RECORD_OR_AUTHOR_ABSTRACT","No full-text reread of the entire article is claimed; support checked at the accessible abstract/record level."
"gmr1988","14","paper/main.tex:L209","https://epubs.siam.org/doi/10.1137/0217017","10.1137/0217017","local_sentence","Let $\eps_{\rm sig}$ bound acceptance, at one record position, of a signed message $(\rho,d)$ absent from the honest issue transcript. Adaptive chosen-message security supplies this threat model~\cite{gmr1988}. The context digest is determined by the unsigned record, not by signature bytes, so a second valid signature on an already issued $(\rho,d)$ does not create a new context or parent edge. A deployment that nevertheless treats exact signature bytes as identity may require a unique signature representation or strong unforgeability~\cite{sufcma2008}. Let $\eps_H$ bound a relevant collision between different canonical unsigned records at one accepted position. For at most $N$ records,","PRIMARY_RECORD_OR_AUTHOR_ABSTRACT","No full-text reread of the entire article is claimed; support checked at the accessible abstract/record level."
"sufcma2008","15","paper/main.tex:L209","https://www.jstage.jst.go.jp/article/transfun/E91.A/1/E91.A_1_94/_article","10.1093/ietfec/e91-a.1.94","local_sentence","Let $\eps_{\rm sig}$ bound acceptance, at one record position, of a signed message $(\rho,d)$ absent from the honest issue transcript. Adaptive chosen-message security supplies this threat model~\cite{gmr1988}. The context digest is determined by the unsigned record, not by signature bytes, so a second valid signature on an already issued $(\rho,d)$ does not create a new context or parent edge. A deployment that nevertheless treats exact signature bytes as identity may require a unique signature representation or strong unforgeability~\cite{sufcma2008}. Let $\eps_H$ bound a relevant collision between different canonical unsigned records at one accepted position. For at most $N$ records,","PRIMARY_RECORD_OR_AUTHOR_ABSTRACT","No full-text reread of the entire article is claimed; support checked at the accessible abstract/record level."
"canetti2001","16","paper/main.tex:L215","https://doi.org/10.1109/SFCS.2001.959888","10.1109/SFCS.2001.959888","local_sentence","The framework is not universal composability. It exposes one explicit sequence of game transitions and assumptions; the stronger universal framework solves a different abstraction problem~\cite{canetti2001}.","PRIMARY_INSTITUTIONAL_METADATA","Institutional metadata was cross-checked; full proof text not retrieved."
"clopperpearson1934","17","paper/main.tex:L529","https://doi.org/10.1093/biomet/26.4.404","10.1093/biomet/26.4.404","local_sentence","For independent Bernoulli challenges with fixed rate $p$, let $U_t$ be the one-sided Clopper--Pearson upper limit at miscoverage $\alpha_t=\alpha/[t(t+1)]$. Fixed-look exactness~\cite{clopperpearson1934} and $\sum_t1/[t(t+1)]=1$ imply","PRIMARY_RECORD_OR_AUTHOR_ABSTRACT","No full-text reread of the entire article is claimed; support checked at the accessible abstract/record level."
"howard2021","18","paper/main.tex:L534","https://doi.org/10.1214/20-AOS1991","10.1214/20-AOS1991","local_sentence","Thus $U_\tau$ remains valid at an arbitrary stopping time. Confidence sequences can give sharper time-uniform bounds under broader conditions~\cite{howard2021}. Always-valid inference addresses the same repeated-monitoring failure in continuously observed experiments~\cite{johari2022}.","PRIMARY_INSTITUTIONAL_METADATA","Institutional metadata was cross-checked; full proof text not retrieved."
"johari2022","19","paper/main.tex:L534","https://pubsonline.informs.org/doi/abs/10.1287/opre.2021.2135","10.1287/opre.2021.2135","local_sentence","Thus $U_\tau$ remains valid at an arbitrary stopping time. Confidence sequences can give sharper time-uniform bounds under broader conditions~\cite{howard2021}. Always-valid inference addresses the same repeated-monitoring failure in continuously observed experiments~\cite{johari2022}.","PRIMARY_RECORD_OR_AUTHOR_ABSTRACT","No full-text reread of the entire article is claimed; support checked at the accessible abstract/record level."
"intoto2019","20","paper/main.tex:L621","https://www.usenix.org/conference/usenixsecurity19/presentation/torres-arias","torres-arias","table_row","In-toto~\cite{intoto2019} & -- & signed steps & detached artifact identifiers & role and layout policy & supply-chain attestation \\","PRIMARY_RECORD_OR_AUTHOR_ABSTRACT","No full-text reread of the entire article is claimed; support checked at the accessible abstract/record level."
"codemark2025","21","paper/main.tex:L622","https://doi.org/10.1109/TDSC.2025.3594599","10.1109/TDSC.2025.3594599","table_row","CodeMark~\cite{codemark2025} & \checkmark & not stated & contextual source host & transformation and tracing study & code-snippet provenance \\","BIBLIOGRAPHIC_RECORD_ONLY_PRIMARY_FULLTEXT_NOT_RETRIEVED","No full-text reread of the entire article is claimed; support checked at the accessible abstract/record level."
"srcmarker2024","22","paper/main.tex:L623","https://researchportal.hkust.edu.hk/en/publications/srcmarker-dual-channel-source-code-watermarking-via-scalable-code-2/","10.1109/SP54263.2024.00097","table_row","SrcMarker~\cite{srcmarker2024} & \checkmark & not stated & source-code channels & adaptive attack evaluation & source-code watermarking \\","PRIMARY_RECORD_OR_AUTHOR_ABSTRACT","No full-text reread of the entire article is claimed; support checked at the accessible abstract/record level."
"matrix2026","23","paper/main.tex:L624","https://arxiv.org/abs/2604.16001","2604.16001","table_row","MATRIX~\cite{matrix2026} & \checkmark & not stated & provenance/version payload & multi-layer carrier preprint & watermark payload design \\","PRIMARY_RECORD_OR_AUTHOR_ABSTRACT","No full-text reread of the entire article is claimed; support checked at the accessible abstract/record level."
"shamir1979","24","paper/main.tex:L634","https://cir.nii.ac.jp/crid/1362825895537767808","10.1145/359168.359176","local_sentence","The carrier uses Shamir's polynomial threshold reconstruction~\cite{shamir1979}, with explicit host authentication and public provenance policy added here.","BIBLIOGRAPHIC_RECORD_ONLY_PRIMARY_FULLTEXT_NOT_RETRIEVED","No full-text reread of the entire article is claimed; support checked at the accessible abstract/record level."
"hopper2007","25","paper/main.tex:L868","https://doi.org/10.1007/978-3-540-70936-7_20","10.1007/978-3-540-70936-7_20","local_sentence","Early work separates the security definition from the carrier. Hopper, Molnar, and Wagner amplify a weak watermark under explicit assumptions~\cite{hopper2007}. Cohen \emph{et al.} protect watermarking capability cryptographically~\cite{cohen2018}. Carrier designs then span several program representations. Collberg and Sahoo study frequency-domain embedding and its attacks~\cite{collbergsahoo2005}. Venkatesan, Vazirani, and Sinha encode marks in program graphs~\cite{venkatesan2001}. Hydan uses binary instruction encodings~\cite{hydan2004}. XMark uses Collatz-based dynamic execution structure~\cite{xmark2019}. Droidmarking targets Android repackaging~\cite{droidmarking2014}. A later survey records the continuing tension among robustness, stealth, and applicability~\cite{deysurvey2019}.","PRIMARY_INSTITUTIONAL_METADATA","Institutional metadata was cross-checked; full proof text not retrieved."
"cohen2018","26","paper/main.tex:L868","https://epubs.siam.org/doi/10.1137/18M1164834","10.1137/18M1164834","local_sentence","Early work separates the security definition from the carrier. Hopper, Molnar, and Wagner amplify a weak watermark under explicit assumptions~\cite{hopper2007}. Cohen \emph{et al.} protect watermarking capability cryptographically~\cite{cohen2018}. Carrier designs then span several program representations. Collberg and Sahoo study frequency-domain embedding and its attacks~\cite{collbergsahoo2005}. Venkatesan, Vazirani, and Sinha encode marks in program graphs~\cite{venkatesan2001}. Hydan uses binary instruction encodings~\cite{hydan2004}. XMark uses Collatz-based dynamic execution structure~\cite{xmark2019}. Droidmarking targets Android repackaging~\cite{droidmarking2014}. A later survey records the continuing tension among robustness, stealth, and applicability~\cite{deysurvey2019}.","PRIMARY_RECORD_OR_AUTHOR_ABSTRACT","No full-text reread of the entire article is claimed; support checked at the accessible abstract/record level."
"collbergsahoo2005","27","paper/main.tex:L868","https://journals.sagepub.com/doi/abs/10.3233/JCS-2005-13503","10.3233/JCS-2005-13503","local_sentence","Early work separates the security definition from the carrier. Hopper, Molnar, and Wagner amplify a weak watermark under explicit assumptions~\cite{hopper2007}. Cohen \emph{et al.} protect watermarking capability cryptographically~\cite{cohen2018}. Carrier designs then span several program representations. Collberg and Sahoo study frequency-domain embedding and its attacks~\cite{collbergsahoo2005}. Venkatesan, Vazirani, and Sinha encode marks in program graphs~\cite{venkatesan2001}. Hydan uses binary instruction encodings~\cite{hydan2004}. XMark uses Collatz-based dynamic execution structure~\cite{xmark2019}. Droidmarking targets Android repackaging~\cite{droidmarking2014}. A later survey records the continuing tension among robustness, stealth, and applicability~\cite{deysurvey2019}.","PRIMARY_RECORD_OR_AUTHOR_ABSTRACT","No full-text reread of the entire article is claimed; support checked at the accessible abstract/record level."
"venkatesan2001","28","paper/main.tex:L868","https://experts.illinois.edu/en/publications/a-graph-theoretic-approach-to-software-watermarking/","10.1007/3-540-45496-9_12","local_sentence","Early work separates the security definition from the carrier. Hopper, Molnar, and Wagner amplify a weak watermark under explicit assumptions~\cite{hopper2007}. Cohen \emph{et al.} protect watermarking capability cryptographically~\cite{cohen2018}. Carrier designs then span several program representations. Collberg and Sahoo study frequency-domain embedding and its attacks~\cite{collbergsahoo2005}. Venkatesan, Vazirani, and Sinha encode marks in program graphs~\cite{venkatesan2001}. Hydan uses binary instruction encodings~\cite{hydan2004}. XMark uses Collatz-based dynamic execution structure~\cite{xmark2019}. Droidmarking targets Android repackaging~\cite{droidmarking2014}. A later survey records the continuing tension among robustness, stealth, and applicability~\cite{deysurvey2019}.","PRIMARY_RECORD_OR_AUTHOR_ABSTRACT","No full-text reread of the entire article is claimed; support checked at the accessible abstract/record level."
"hydan2004","29","paper/main.tex:L868","https://doi.org/10.1007/978-3-540-30191-2_15","10.1007/978-3-540-30191-2_15","local_sentence","Early work separates the security definition from the carrier. Hopper, Molnar, and Wagner amplify a weak watermark under explicit assumptions~\cite{hopper2007}. Cohen \emph{et al.} protect watermarking capability cryptographically~\cite{cohen2018}. Carrier designs then span several program representations. Collberg and Sahoo study frequency-domain embedding and its attacks~\cite{collbergsahoo2005}. Venkatesan, Vazirani, and Sinha encode marks in program graphs~\cite{venkatesan2001}. Hydan uses binary instruction encodings~\cite{hydan2004}. XMark uses Collatz-based dynamic execution structure~\cite{xmark2019}. Droidmarking targets Android repackaging~\cite{droidmarking2014}. A later survey records the continuing tension among robustness, stealth, and applicability~\cite{deysurvey2019}.","BIBLIOGRAPHIC_RECORD_ONLY_PRIMARY_FULLTEXT_NOT_RETRIEVED","No full-text reread of the entire article is claimed; support checked at the accessible abstract/record level."
"xmark2019","30","paper/main.tex:L868","https://pure.psu.edu/en/publications/xmark-dynamic-software-watermarking-using-collatz-conjecture/","10.1109/TIFS.2019.2908071","local_sentence","Early work separates the security definition from the carrier. Hopper, Molnar, and Wagner amplify a weak watermark under explicit assumptions~\cite{hopper2007}. Cohen \emph{et al.} protect watermarking capability cryptographically~\cite{cohen2018}. Carrier designs then span several program representations. Collberg and Sahoo study frequency-domain embedding and its attacks~\cite{collbergsahoo2005}. Venkatesan, Vazirani, and Sinha encode marks in program graphs~\cite{venkatesan2001}. Hydan uses binary instruction encodings~\cite{hydan2004}. XMark uses Collatz-based dynamic execution structure~\cite{xmark2019}. Droidmarking targets Android repackaging~\cite{droidmarking2014}. A later survey records the continuing tension among robustness, stealth, and applicability~\cite{deysurvey2019}.","PRIMARY_RECORD_OR_AUTHOR_ABSTRACT","No full-text reread of the entire article is claimed; support checked at the accessible abstract/record level."
"droidmarking2014","31","paper/main.tex:L868","https://pure.psu.edu/en/publications/droidmarking-resilient-software-watermarking-for-impeding-android/","10.1145/2642937.2642977","local_sentence","Early work separates the security definition from the carrier. Hopper, Molnar, and Wagner amplify a weak watermark under explicit assumptions~\cite{hopper2007}. Cohen \emph{et al.} protect watermarking capability cryptographically~\cite{cohen2018}. Carrier designs then span several program representations. Collberg and Sahoo study frequency-domain embedding and its attacks~\cite{collbergsahoo2005}. Venkatesan, Vazirani, and Sinha encode marks in program graphs~\cite{venkatesan2001}. Hydan uses binary instruction encodings~\cite{hydan2004}. XMark uses Collatz-based dynamic execution structure~\cite{xmark2019}. Droidmarking targets Android repackaging~\cite{droidmarking2014}. A later survey records the continuing tension among robustness, stealth, and applicability~\cite{deysurvey2019}.","PRIMARY_RECORD_OR_AUTHOR_ABSTRACT","No full-text reread of the entire article is claimed; support checked at the accessible abstract/record level."
"deysurvey2019","32","paper/main.tex:L868","https://doi.org/10.1007/s41403-018-0058-8","10.1007/s41403-018-0058-8","local_sentence","Early work separates the security definition from the carrier. Hopper, Molnar, and Wagner amplify a weak watermark under explicit assumptions~\cite{hopper2007}. Cohen \emph{et al.} protect watermarking capability cryptographically~\cite{cohen2018}. Carrier designs then span several program representations. Collberg and Sahoo study frequency-domain embedding and its attacks~\cite{collbergsahoo2005}. Venkatesan, Vazirani, and Sinha encode marks in program graphs~\cite{venkatesan2001}. Hydan uses binary instruction encodings~\cite{hydan2004}. XMark uses Collatz-based dynamic execution structure~\cite{xmark2019}. Droidmarking targets Android repackaging~\cite{droidmarking2014}. A later survey records the continuing tension among robustness, stealth, and applicability~\cite{deysurvey2019}.","BIBLIOGRAPHIC_RECORD_ONLY_PRIMARY_FULLTEXT_NOT_RETRIEVED","No full-text reread of the entire article is claimed; support checked at the accessible abstract/record level."
"tianbirthmark2015","33","paper/main.tex:L870","https://doi.org/10.1109/TSE.2015.2454508","10.1109/TSE.2015.2454508","local_sentence","Dynamic key-instruction sequences support plagiarism detection without embedding a provenance payload~\cite{tianbirthmark2015}. Dynamic Java birthmarks use runtime features~\cite{schuler2007}. Behavior-based theft detection compares semantically related observations~\cite{wangtheft2009}. Heap-graph theft detection compares dynamic object-reference structures~\cite{heapgraph2013}. These methods can inform a binder or negative challenge, but do not authenticate an exact signed tip.","BIBLIOGRAPHIC_RECORD_ONLY_PRIMARY_FULLTEXT_NOT_RETRIEVED","No full-text reread of the entire article is claimed; support checked at the accessible abstract/record level."
"schuler2007","34","paper/main.tex:L870","https://www.st.cs.uni-saarland.de/publications/details/schuler-ase-2007/","10.1145/1321631.1321672","local_sentence","Dynamic key-instruction sequences support plagiarism detection without embedding a provenance payload~\cite{tianbirthmark2015}. Dynamic Java birthmarks use runtime features~\cite{schuler2007}. Behavior-based theft detection compares semantically related observations~\cite{wangtheft2009}. Heap-graph theft detection compares dynamic object-reference structures~\cite{heapgraph2013}. These methods can inform a binder or negative challenge, but do not authenticate an exact signed tip.","PRIMARY_RECORD_OR_AUTHOR_ABSTRACT","No full-text reread of the entire article is claimed; support checked at the accessible abstract/record level."
"wangtheft2009","35","paper/main.tex:L870","https://pure.psu.edu/en/publications/behavior-based-software-theft-detection/","10.1145/1653662.1653696","local_sentence","Dynamic key-instruction sequences support plagiarism detection without embedding a provenance payload~\cite{tianbirthmark2015}. Dynamic Java birthmarks use runtime features~\cite{schuler2007}. Behavior-based theft detection compares semantically related observations~\cite{wangtheft2009}. Heap-graph theft detection compares dynamic object-reference structures~\cite{heapgraph2013}. These methods can inform a binder or negative challenge, but do not authenticate an exact signed tip.","PRIMARY_RECORD_OR_AUTHOR_ABSTRACT","No full-text reread of the entire article is claimed; support checked at the accessible abstract/record level."
"heapgraph2013","36","paper/main.tex:L870","https://doi.org/10.1109/TIFS.2012.2223685","10.1109/TIFS.2012.2223685","local_sentence","Dynamic key-instruction sequences support plagiarism detection without embedding a provenance payload~\cite{tianbirthmark2015}. Dynamic Java birthmarks use runtime features~\cite{schuler2007}. Behavior-based theft detection compares semantically related observations~\cite{wangtheft2009}. Heap-graph theft detection compares dynamic object-reference structures~\cite{heapgraph2013}. These methods can inform a binder or negative challenge, but do not authenticate an exact signed tip.","BIBLIOGRAPHIC_RECORD_ONLY_PRIMARY_FULLTEXT_NOT_RETRIEVED","No full-text reread of the entire article is claimed; support checked at the accessible abstract/record level."
"dwc2026","37","paper/main.tex:L872","https://dblp.org/rec/journals/ase/LinLJPZWL26.html","10.1007/s10515-025-00561-1","local_sentence","Recent work moves closer to provenance-oriented carriers. MATRIX, compared in Table~\ref{tab:closest}, encodes provenance and version data across constrained code channels. Decomposition-then-watermarking separates natural and formal channels before embedding a multi-bit mark~\cite{dwc2026}. LineageMark studies repeated multi-user insertion along model derivation chains~\cite{lineagemark2026}. RoSeMary combines learned marking with cryptographic verification in a preprint design~\cite{rosemary2025}. DeCoMa provides a black-box removal and purification attack against code-dataset watermarks~\cite{decoma2025}. These papers strengthen carriers, verification, or attack models. The question here is different: which additional contracts make a replaceable carrier authenticate one signed software lineage?","BIBLIOGRAPHIC_RECORD_ONLY_PRIMARY_FULLTEXT_NOT_RETRIEVED","Online 2025, volume 33 issue 1 article 16 in 2026; cited issue year retained."
"lineagemark2026","38","paper/main.tex:L872","https://arxiv.org/abs/2606.17123","2606.17123","local_sentence","Recent work moves closer to provenance-oriented carriers. MATRIX, compared in Table~\ref{tab:closest}, encodes provenance and version data across constrained code channels. Decomposition-then-watermarking separates natural and formal channels before embedding a multi-bit mark~\cite{dwc2026}. LineageMark studies repeated multi-user insertion along model derivation chains~\cite{lineagemark2026}. RoSeMary combines learned marking with cryptographic verification in a preprint design~\cite{rosemary2025}. DeCoMa provides a black-box removal and purification attack against code-dataset watermarks~\cite{decoma2025}. These papers strengthen carriers, verification, or attack models. The question here is different: which additional contracts make a replaceable carrier authenticate one signed software lineage?","PRIMARY_RECORD_OR_AUTHOR_ABSTRACT","No full-text reread of the entire article is claimed; support checked at the accessible abstract/record level."
"rosemary2025","39","paper/main.tex:L872","https://arxiv.org/abs/2502.02068","2502.02068","local_sentence","Recent work moves closer to provenance-oriented carriers. MATRIX, compared in Table~\ref{tab:closest}, encodes provenance and version data across constrained code channels. Decomposition-then-watermarking separates natural and formal channels before embedding a multi-bit mark~\cite{dwc2026}. LineageMark studies repeated multi-user insertion along model derivation chains~\cite{lineagemark2026}. RoSeMary combines learned marking with cryptographic verification in a preprint design~\cite{rosemary2025}. DeCoMa provides a black-box removal and purification attack against code-dataset watermarks~\cite{decoma2025}. These papers strengthen carriers, verification, or attack models. The question here is different: which additional contracts make a replaceable carrier authenticate one signed software lineage?","PRIMARY_RECORD_OR_AUTHOR_ABSTRACT","No full-text reread of the entire article is claimed; support checked at the accessible abstract/record level."
"decoma2025","40","paper/main.tex:L872","https://doi.org/10.1145/3728952","10.1145/3728952","local_sentence","Recent work moves closer to provenance-oriented carriers. MATRIX, compared in Table~\ref{tab:closest}, encodes provenance and version data across constrained code channels. Decomposition-then-watermarking separates natural and formal channels before embedding a multi-bit mark~\cite{dwc2026}. LineageMark studies repeated multi-user insertion along model derivation chains~\cite{lineagemark2026}. RoSeMary combines learned marking with cryptographic verification in a preprint design~\cite{rosemary2025}. DeCoMa provides a black-box removal and purification attack against code-dataset watermarks~\cite{decoma2025}. These papers strengthen carriers, verification, or attack models. The question here is different: which additional contracts make a replaceable carrier authenticate one signed software lineage?","PRIMARY_RECORD_OR_AUTHOR_ABSTRACT","No full-text reread of the entire article is claimed; support checked at the accessible abstract/record level."
"naturalness2016","41","paper/main.tex:L876","https://doi.org/10.1145/2902362","10.1145/2902362","local_sentence","Naturalness measurements show that source code has strong statistical regularities that a visible transformation can disturb~\cite{naturalness2016}. Dual-channel constraints explain why source transformations are governed jointly by formal semantics and human-facing structure~\cite{dualchannel2020}. NatGen pretrains by applying semantics-preserving source transformations~\cite{natgen2022}. Natural attacks exploit plausible code edits against pretrained code models~\cite{naturalattack2022}. RoPGen uses automatic coding-style transformations to improve robustness of authorship attribution~\cite{ropgen2022}. A black-box attack shows that source changes can manipulate authorship classifiers~\cite{authorshipattack2021}. The compiler does not treat classifier attribution as a provenance proof; such systems may supply challenge workloads only.","PRIMARY_RECORD_OR_AUTHOR_ABSTRACT","No full-text reread of the entire article is claimed; support checked at the accessible abstract/record level."
"dualchannel2020","42","paper/main.tex:L876","https://discovery.ucl.ac.uk/id/eprint/10092853/","10.1145/3377816.3381720","local_sentence","Naturalness measurements show that source code has strong statistical regularities that a visible transformation can disturb~\cite{naturalness2016}. Dual-channel constraints explain why source transformations are governed jointly by formal semantics and human-facing structure~\cite{dualchannel2020}. NatGen pretrains by applying semantics-preserving source transformations~\cite{natgen2022}. Natural attacks exploit plausible code edits against pretrained code models~\cite{naturalattack2022}. RoPGen uses automatic coding-style transformations to improve robustness of authorship attribution~\cite{ropgen2022}. A black-box attack shows that source changes can manipulate authorship classifiers~\cite{authorshipattack2021}. The compiler does not treat classifier attribution as a provenance proof; such systems may supply challenge workloads only.","PRIMARY_RECORD_OR_AUTHOR_ABSTRACT","No full-text reread of the entire article is claimed; support checked at the accessible abstract/record level."
"natgen2022","43","paper/main.tex:L876","https://github.com/saikat107/NatGen","10.1145/3540250.3549162","local_sentence","Naturalness measurements show that source code has strong statistical regularities that a visible transformation can disturb~\cite{naturalness2016}. Dual-channel constraints explain why source transformations are governed jointly by formal semantics and human-facing structure~\cite{dualchannel2020}. NatGen pretrains by applying semantics-preserving source transformations~\cite{natgen2022}. Natural attacks exploit plausible code edits against pretrained code models~\cite{naturalattack2022}. RoPGen uses automatic coding-style transformations to improve robustness of authorship attribution~\cite{ropgen2022}. A black-box attack shows that source changes can manipulate authorship classifiers~\cite{authorshipattack2021}. The compiler does not treat classifier attribution as a provenance proof; such systems may supply challenge workloads only.","PRIMARY_RECORD_OR_AUTHOR_ABSTRACT","No full-text reread of the entire article is claimed; support checked at the accessible abstract/record level."
"naturalattack2022","44","paper/main.tex:L876","https://ink.library.smu.edu.sg/sis_research/7654/","10.1145/3510003.3510146","local_sentence","Naturalness measurements show that source code has strong statistical regularities that a visible transformation can disturb~\cite{naturalness2016}. Dual-channel constraints explain why source transformations are governed jointly by formal semantics and human-facing structure~\cite{dualchannel2020}. NatGen pretrains by applying semantics-preserving source transformations~\cite{natgen2022}. Natural attacks exploit plausible code edits against pretrained code models~\cite{naturalattack2022}. RoPGen uses automatic coding-style transformations to improve robustness of authorship attribution~\cite{ropgen2022}. A black-box attack shows that source changes can manipulate authorship classifiers~\cite{authorshipattack2021}. The compiler does not treat classifier attribution as a provenance proof; such systems may supply challenge workloads only.","PRIMARY_RECORD_OR_AUTHOR_ABSTRACT","No full-text reread of the entire article is claimed; support checked at the accessible abstract/record level."
"ropgen2022","45","paper/main.tex:L876","https://doi.org/10.1145/3510003.3510181","10.1145/3510003.3510181","local_sentence","Naturalness measurements show that source code has strong statistical regularities that a visible transformation can disturb~\cite{naturalness2016}. Dual-channel constraints explain why source transformations are governed jointly by formal semantics and human-facing structure~\cite{dualchannel2020}. NatGen pretrains by applying semantics-preserving source transformations~\cite{natgen2022}. Natural attacks exploit plausible code edits against pretrained code models~\cite{naturalattack2022}. RoPGen uses automatic coding-style transformations to improve robustness of authorship attribution~\cite{ropgen2022}. A black-box attack shows that source changes can manipulate authorship classifiers~\cite{authorshipattack2021}. The compiler does not treat classifier attribution as a provenance proof; such systems may supply challenge workloads only.","BIBLIOGRAPHIC_RECORD_ONLY_PRIMARY_FULLTEXT_NOT_RETRIEVED","No full-text reread of the entire article is claimed; support checked at the accessible abstract/record level."
"authorshipattack2021","46","paper/main.tex:L876","https://dblp.org/rec/journals/tifs/LiuJLW21.html","10.1109/TIFS.2021.3080507","local_sentence","Naturalness measurements show that source code has strong statistical regularities that a visible transformation can disturb~\cite{naturalness2016}. Dual-channel constraints explain why source transformations are governed jointly by formal semantics and human-facing structure~\cite{dualchannel2020}. NatGen pretrains by applying semantics-preserving source transformations~\cite{natgen2022}. Natural attacks exploit plausible code edits against pretrained code models~\cite{naturalattack2022}. RoPGen uses automatic coding-style transformations to improve robustness of authorship attribution~\cite{ropgen2022}. A black-box attack shows that source changes can manipulate authorship classifiers~\cite{authorshipattack2021}. The compiler does not treat classifier attribution as a provenance proof; such systems may supply challenge workloads only.","BIBLIOGRAPHIC_RECORD_ONLY_PRIMARY_FULLTEXT_NOT_RETRIEVED","No full-text reread of the entire article is claimed; support checked at the accessible abstract/record level."
"chainiac2017","47","paper/main.tex:L880","https://www.usenix.org/conference/usenixsecurity17/technical-sessions/presentation/nikitin","nikitin","local_sentence","CHAINIAC combines verified builds with collectively signed skipchains~\cite{chainiac2017}. Diplomat applies delegated threshold policy to community repositories~\cite{diplomat2016}. Mercury prevents rollback while controlling repository bandwidth~\cite{mercury2017}. Le-git-imate makes hosted Git state verifiable~\cite{legitimate2018}. Contour records binary-release metadata in an append-only transparency system~\cite{contour2018}. CONIKS provides privacy-preserving key transparency~\cite{coniks2015}. These mechanisms improve consistency or detached evidence; they do not by themselves bind an embedded payload to the submitted host.","PRIMARY_RECORD_OR_AUTHOR_ABSTRACT","No full-text reread of the entire article is claimed; support checked at the accessible abstract/record level."
"diplomat2016","48","paper/main.tex:L880","https://www.usenix.org/conference/nsdi16/technical-sessions/presentation/kuppusamy","NSDI16:Kuppusamy","local_sentence","CHAINIAC combines verified builds with collectively signed skipchains~\cite{chainiac2017}. Diplomat applies delegated threshold policy to community repositories~\cite{diplomat2016}. Mercury prevents rollback while controlling repository bandwidth~\cite{mercury2017}. Le-git-imate makes hosted Git state verifiable~\cite{legitimate2018}. Contour records binary-release metadata in an append-only transparency system~\cite{contour2018}. CONIKS provides privacy-preserving key transparency~\cite{coniks2015}. These mechanisms improve consistency or detached evidence; they do not by themselves bind an embedded payload to the submitted host.","PRIMARY_RECORD_OR_AUTHOR_ABSTRACT","No full-text reread of the entire article is claimed; support checked at the accessible abstract/record level."
"mercury2017","49","paper/main.tex:L880","https://www.usenix.org/conference/atc17/technical-sessions/presentation/kuppusamy","ATC17:Kuppusamy","local_sentence","CHAINIAC combines verified builds with collectively signed skipchains~\cite{chainiac2017}. Diplomat applies delegated threshold policy to community repositories~\cite{diplomat2016}. Mercury prevents rollback while controlling repository bandwidth~\cite{mercury2017}. Le-git-imate makes hosted Git state verifiable~\cite{legitimate2018}. Contour records binary-release metadata in an append-only transparency system~\cite{contour2018}. CONIKS provides privacy-preserving key transparency~\cite{coniks2015}. These mechanisms improve consistency or detached evidence; they do not by themselves bind an embedded payload to the submitted host.","PRIMARY_RECORD_OR_AUTHOR_ABSTRACT","No full-text reread of the entire article is claimed; support checked at the accessible abstract/record level."
"legitimate2018","50","paper/main.tex:L880","https://researchwith.njit.edu/en/publications/le-git-imate-towards-verifiable-web-based-git-repositories/","10.1145/3196494.3196523","local_sentence","CHAINIAC combines verified builds with collectively signed skipchains~\cite{chainiac2017}. Diplomat applies delegated threshold policy to community repositories~\cite{diplomat2016}. Mercury prevents rollback while controlling repository bandwidth~\cite{mercury2017}. Le-git-imate makes hosted Git state verifiable~\cite{legitimate2018}. Contour records binary-release metadata in an append-only transparency system~\cite{contour2018}. CONIKS provides privacy-preserving key transparency~\cite{coniks2015}. These mechanisms improve consistency or detached evidence; they do not by themselves bind an embedded payload to the submitted host.","PRIMARY_RECORD_OR_AUTHOR_ABSTRACT","No full-text reread of the entire article is claimed; support checked at the accessible abstract/record level."
"contour2018","51","paper/main.tex:L880","https://discovery.ucl.ac.uk/id/eprint/10055894/","10.1007/978-3-030-00305-0_8","local_sentence","CHAINIAC combines verified builds with collectively signed skipchains~\cite{chainiac2017}. Diplomat applies delegated threshold policy to community repositories~\cite{diplomat2016}. Mercury prevents rollback while controlling repository bandwidth~\cite{mercury2017}. Le-git-imate makes hosted Git state verifiable~\cite{legitimate2018}. Contour records binary-release metadata in an append-only transparency system~\cite{contour2018}. CONIKS provides privacy-preserving key transparency~\cite{coniks2015}. These mechanisms improve consistency or detached evidence; they do not by themselves bind an embedded payload to the submitted host.","PRIMARY_RECORD_OR_AUTHOR_ABSTRACT","No full-text reread of the entire article is claimed; support checked at the accessible abstract/record level."
"coniks2015","52","paper/main.tex:L880","https://www.usenix.org/conference/usenixsecurity15/technical-sessions/presentation/melara","melara","local_sentence","CHAINIAC combines verified builds with collectively signed skipchains~\cite{chainiac2017}. Diplomat applies delegated threshold policy to community repositories~\cite{diplomat2016}. Mercury prevents rollback while controlling repository bandwidth~\cite{mercury2017}. Le-git-imate makes hosted Git state verifiable~\cite{legitimate2018}. Contour records binary-release metadata in an append-only transparency system~\cite{contour2018}. CONIKS provides privacy-preserving key transparency~\cite{coniks2015}. These mechanisms improve consistency or detached evidence; they do not by themselves bind an embedded payload to the submitted host.","PRIMARY_RECORD_OR_AUTHOR_ABSTRACT","No full-text reread of the entire article is claimed; support checked at the accessible abstract/record level."
"sok2023","53","paper/main.tex:L882","https://ieeexplore.ieee.org/document/10179304/","10.1109/SP46215.2023.10179304","local_sentence","A systematization classifies open-source supply-chain attacks by stage and objective~\cite{sok2023}. Backstabber's Knife Collection catalogs malicious package behavior~\cite{backstabber2020}. An npm study quantifies compromise reach in a dense dependency graph~\cite{smallworld2019}. Cross-ecosystem measurements characterize package-manager attack surfaces~\cite{packagemanagers2021}. LastPyMile detects discrepancies between source and released packages~\cite{lastpymile2021}. Reproducible builds enable independent output comparison~\cite{reproduciblebuilds2022}. Diverse double compiling targets compiler subversion~\cite{diversecompile2005}. SGX supply-chain analysis shows that signing can authenticate a compromised build~\cite{sgxsupply2022}. These results motivate keeping record authenticity, build truth, host identity, and artifact-resident evidence as separate contracts.","PRIMARY_RECORD_OR_AUTHOR_ABSTRACT","No full-text reread of the entire article is claimed; support checked at the accessible abstract/record level."
"backstabber2020","54","paper/main.tex:L882","https://dblp.org/rec/conf/dimva/OhmPS020","10.1007/978-3-030-52683-2_2","local_sentence","A systematization classifies open-source supply-chain attacks by stage and objective~\cite{sok2023}. Backstabber's Knife Collection catalogs malicious package behavior~\cite{backstabber2020}. An npm study quantifies compromise reach in a dense dependency graph~\cite{smallworld2019}. Cross-ecosystem measurements characterize package-manager attack surfaces~\cite{packagemanagers2021}. LastPyMile detects discrepancies between source and released packages~\cite{lastpymile2021}. Reproducible builds enable independent output comparison~\cite{reproduciblebuilds2022}. Diverse double compiling targets compiler subversion~\cite{diversecompile2005}. SGX supply-chain analysis shows that signing can authenticate a compromised build~\cite{sgxsupply2022}. These results motivate keeping record authenticity, build truth, host identity, and artifact-resident evidence as separate contracts.","BIBLIOGRAPHIC_RECORD_ONLY_PRIMARY_FULLTEXT_NOT_RETRIEVED","No full-text reread of the entire article is claimed; support checked at the accessible abstract/record level."
"smallworld2019","55","paper/main.tex:L882","https://www.usenix.org/conference/usenixsecurity19/presentation/zimmerman","zimmerman","local_sentence","A systematization classifies open-source supply-chain attacks by stage and objective~\cite{sok2023}. Backstabber's Knife Collection catalogs malicious package behavior~\cite{backstabber2020}. An npm study quantifies compromise reach in a dense dependency graph~\cite{smallworld2019}. Cross-ecosystem measurements characterize package-manager attack surfaces~\cite{packagemanagers2021}. LastPyMile detects discrepancies between source and released packages~\cite{lastpymile2021}. Reproducible builds enable independent output comparison~\cite{reproduciblebuilds2022}. Diverse double compiling targets compiler subversion~\cite{diversecompile2005}. SGX supply-chain analysis shows that signing can authenticate a compromised build~\cite{sgxsupply2022}. These results motivate keeping record authenticity, build truth, host identity, and artifact-resident evidence as separate contracts.","PRIMARY_RECORD_OR_AUTHOR_ABSTRACT","No full-text reread of the entire article is claimed; support checked at the accessible abstract/record level."
"packagemanagers2021","56","paper/main.tex:L882","https://www.ndss-symposium.org/wp-content/uploads/ndss2021_1B-1_23055_paper.pdf","10.14722/ndss.2021.23055","local_sentence","A systematization classifies open-source supply-chain attacks by stage and objective~\cite{sok2023}. Backstabber's Knife Collection catalogs malicious package behavior~\cite{backstabber2020}. An npm study quantifies compromise reach in a dense dependency graph~\cite{smallworld2019}. Cross-ecosystem measurements characterize package-manager attack surfaces~\cite{packagemanagers2021}. LastPyMile detects discrepancies between source and released packages~\cite{lastpymile2021}. Reproducible builds enable independent output comparison~\cite{reproduciblebuilds2022}. Diverse double compiling targets compiler subversion~\cite{diversecompile2005}. SGX supply-chain analysis shows that signing can authenticate a compromised build~\cite{sgxsupply2022}. These results motivate keeping record authenticity, build truth, host identity, and artifact-resident evidence as separate contracts.","PRIMARY_RECORD_OR_AUTHOR_ABSTRACT","Official NDSS first page inspected; DOI confirmed in footer despite DBLP omitting DOI."
"lastpymile2021","57","paper/main.tex:L882","https://2021.esec-fse.org/details/fse-2021-papers/61/LastPyMile-Identifying-the-Discrepancy-between-Sources-and-Packages","10.1145/3468264.3468592","local_sentence","A systematization classifies open-source supply-chain attacks by stage and objective~\cite{sok2023}. Backstabber's Knife Collection catalogs malicious package behavior~\cite{backstabber2020}. An npm study quantifies compromise reach in a dense dependency graph~\cite{smallworld2019}. Cross-ecosystem measurements characterize package-manager attack surfaces~\cite{packagemanagers2021}. LastPyMile detects discrepancies between source and released packages~\cite{lastpymile2021}. Reproducible builds enable independent output comparison~\cite{reproduciblebuilds2022}. Diverse double compiling targets compiler subversion~\cite{diversecompile2005}. SGX supply-chain analysis shows that signing can authenticate a compromised build~\cite{sgxsupply2022}. These results motivate keeping record authenticity, build truth, host identity, and artifact-resident evidence as separate contracts.","PRIMARY_RECORD_OR_AUTHOR_ABSTRACT","No full-text reread of the entire article is claimed; support checked at the accessible abstract/record level."
"reproduciblebuilds2022","58","paper/main.tex:L882","https://researchportal.ip-paris.fr/fr/publications/reproducible-builds-increasing-the-integrity-of-software-supply-c/","10.1109/MS.2021.3073045","local_sentence","A systematization classifies open-source supply-chain attacks by stage and objective~\cite{sok2023}. Backstabber's Knife Collection catalogs malicious package behavior~\cite{backstabber2020}. An npm study quantifies compromise reach in a dense dependency graph~\cite{smallworld2019}. Cross-ecosystem measurements characterize package-manager attack surfaces~\cite{packagemanagers2021}. LastPyMile detects discrepancies between source and released packages~\cite{lastpymile2021}. Reproducible builds enable independent output comparison~\cite{reproduciblebuilds2022}. Diverse double compiling targets compiler subversion~\cite{diversecompile2005}. SGX supply-chain analysis shows that signing can authenticate a compromised build~\cite{sgxsupply2022}. These results motivate keeping record authenticity, build truth, host identity, and artifact-resident evidence as separate contracts.","PRIMARY_RECORD_OR_AUTHOR_ABSTRACT","No full-text reread of the entire article is claimed; support checked at the accessible abstract/record level."
"diversecompile2005","59","paper/main.tex:L882","https://dwheeler.com/trusting-trust/","10.1109/CSAC.2005.17","local_sentence","A systematization classifies open-source supply-chain attacks by stage and objective~\cite{sok2023}. Backstabber's Knife Collection catalogs malicious package behavior~\cite{backstabber2020}. An npm study quantifies compromise reach in a dense dependency graph~\cite{smallworld2019}. Cross-ecosystem measurements characterize package-manager attack surfaces~\cite{packagemanagers2021}. LastPyMile detects discrepancies between source and released packages~\cite{lastpymile2021}. Reproducible builds enable independent output comparison~\cite{reproduciblebuilds2022}. Diverse double compiling targets compiler subversion~\cite{diversecompile2005}. SGX supply-chain analysis shows that signing can authenticate a compromised build~\cite{sgxsupply2022}. These results motivate keeping record authenticity, build truth, host identity, and artifact-resident evidence as separate contracts.","PRIMARY_RECORD_OR_AUTHOR_ABSTRACT","No full-text reread of the entire article is claimed; support checked at the accessible abstract/record level."
"sgxsupply2022","60","paper/main.tex:L882","https://arxiv.org/abs/1907.05096","10.1109/TDSC.2020.3024562","local_sentence","A systematization classifies open-source supply-chain attacks by stage and objective~\cite{sok2023}. Backstabber's Knife Collection catalogs malicious package behavior~\cite{backstabber2020}. An npm study quantifies compromise reach in a dense dependency graph~\cite{smallworld2019}. Cross-ecosystem measurements characterize package-manager attack surfaces~\cite{packagemanagers2021}. LastPyMile detects discrepancies between source and released packages~\cite{lastpymile2021}. Reproducible builds enable independent output comparison~\cite{reproduciblebuilds2022}. Diverse double compiling targets compiler subversion~\cite{diversecompile2005}. SGX supply-chain analysis shows that signing can authenticate a compromised build~\cite{sgxsupply2022}. These results motivate keeping record authenticity, build truth, host identity, and artifact-resident evidence as separate contracts.","PRIMARY_RECORD_OR_AUTHOR_ABSTRACT","No full-text reread of the entire article is claimed; support checked at the accessible abstract/record level."
"compcert2006","61","paper/main.tex:L884","https://xavierleroy.org/bibrefs/leroy_bib.html","10.1145/1111037.1111042","local_sentence","CompCert proves semantic preservation for a verified compiler backend~\cite{compcert2006}. Translation validation checks each produced optimization result~\cite{translationvalidation2000}. Proof-carrying code attaches machine-checkable safety evidence~\cite{pcc1997}. A recent preprint uses zero-knowledge compilation to attest a claimed source-to-binary relation~\cite{zkcompile2026}. Such mechanisms can replace a coarse binder only when their assumptions and failure probabilities enter the composition.","PRIMARY_RECORD_OR_AUTHOR_ABSTRACT","No full-text reread of the entire article is claimed; support checked at the accessible abstract/record level."
"translationvalidation2000","62","paper/main.tex:L884","https://doi.org/10.1145/349299.349314","10.1145/349299.349314","local_sentence","CompCert proves semantic preservation for a verified compiler backend~\cite{compcert2006}. Translation validation checks each produced optimization result~\cite{translationvalidation2000}. Proof-carrying code attaches machine-checkable safety evidence~\cite{pcc1997}. A recent preprint uses zero-knowledge compilation to attest a claimed source-to-binary relation~\cite{zkcompile2026}. Such mechanisms can replace a coarse binder only when their assumptions and failure probabilities enter the composition.","BIBLIOGRAPHIC_RECORD_ONLY_PRIMARY_FULLTEXT_NOT_RETRIEVED","No full-text reread of the entire article is claimed; support checked at the accessible abstract/record level."
"pcc1997","63","paper/main.tex:L884","https://doi.org/10.1145/263699.263712","10.1145/263699.263712","local_sentence","CompCert proves semantic preservation for a verified compiler backend~\cite{compcert2006}. Translation validation checks each produced optimization result~\cite{translationvalidation2000}. Proof-carrying code attaches machine-checkable safety evidence~\cite{pcc1997}. A recent preprint uses zero-knowledge compilation to attest a claimed source-to-binary relation~\cite{zkcompile2026}. Such mechanisms can replace a coarse binder only when their assumptions and failure probabilities enter the composition.","PRIMARY_RECORD_OR_AUTHOR_ABSTRACT","No full-text reread of the entire article is claimed; support checked at the accessible abstract/record level."
"zkcompile2026","64","paper/main.tex:L884","https://arxiv.org/abs/2602.11887","2602.11887","local_sentence","CompCert proves semantic preservation for a verified compiler backend~\cite{compcert2006}. Translation validation checks each produced optimization result~\cite{translationvalidation2000}. Proof-carrying code attaches machine-checkable safety evidence~\cite{pcc1997}. A recent preprint uses zero-knowledge compilation to attest a claimed source-to-binary relation~\cite{zkcompile2026}. Such mechanisms can replace a coarse binder only when their assumptions and failure probabilities enter the composition.","PRIMARY_RECORD_OR_AUTHOR_ABSTRACT","No full-text reread of the entire article is claimed; support checked at the accessible abstract/record level."
"camflow2017","65","paper/main.tex:L886","https://tfjmp.org/publication/2017-socc/","10.1145/3127479.3129249","local_sentence","CamFlow captures whole-system provenance through operating-system instrumentation~\cite{camflow2017}. LIME combines oblivious transfer, robust watermarks, and signatures to trace a leaking data recipient~\cite{datalineage2016}. Its accountability objective differs from the exact-tip software games and stopped-risk ledger here. Neither system is treated as an artifact-resident exact-tip check.","PRIMARY_RECORD_OR_AUTHOR_ABSTRACT","No full-text reread of the entire article is claimed; support checked at the accessible abstract/record level."
"datalineage2016","66","paper/main.tex:L886","https://ieeexplore.ieee.org/abstract/document/7029631","10.1109/TDSC.2015.2399296","local_sentence","CamFlow captures whole-system provenance through operating-system instrumentation~\cite{camflow2017}. LIME combines oblivious transfer, robust watermarks, and signatures to trace a leaking data recipient~\cite{datalineage2016}. Its accountability objective differs from the exact-tip software games and stopped-risk ledger here. Neither system is treated as an artifact-resident exact-tip check.","PRIMARY_RECORD_OR_AUTHOR_ABSTRACT","No full-text reread of the entire article is claimed; support checked at the accessible abstract/record level."
