claim_id,claim,paper_locator,evidence_level,evidence_path,evidence_sha256,limitation,independent_review
C01,Context-bound compiler and four game contracts,paper/main.tex:Security Model and Primitive Contracts,HUMAN_PROOF,paper/supplement.tex,b3a0b50dcf9b9d2d08ac8ef1f559c096068c4372cce398f7989451cc0028894a,Honest issuer and declared policy/leakage surfaces; no universal-composability claim.,STATELESS_REVIEW_UNAVAILABLE
C02,Chain correctness and accepted-chain classification,paper/main.tex:lem:correctness;lem:classification,HUMAN_PROOF,paper/supplement.tex,b3a0b50dcf9b9d2d08ac8ef1f559c096068c4372cce398f7989451cc0028894a,Signature and context-hash assumptions are charged explicitly.,STATELESS_REVIEW_UNAVAILABLE
C03,Exact-tip verification and public authorization closure,paper/main.tex:lem:tip;prop:authorization;lem:closure-alignment,PROOF_AND_REGRESSION,artifact/results/raw/proof-implementation-checks.json,0e87c739c7040ea06c99602f18e789d4de239eaf5a2589cb30c5acaa61586d56,Authorization is public and reader independent.,STATELESS_REVIEW_UNAVAILABLE
C04,Terminal success/failure registry and crash-safe continuation,paper/main.tex:prop:registry;prop:session;prop:failure,PROOF_AND_EXECUTABLE_CHECK,artifact/results/raw/run-summary.json,74ed6db27db9a8f0e264878a823dbefc2ada92b3bd244f1f320a26b9544b3156,Snapshot authentication does not prove freshness; anti-rollback state is external.,STATELESS_REVIEW_UNAVAILABLE
C05,Adaptive first-hit risk ledger,paper/main.tex:thm:firsthit,HUMAN_PROOF,paper/supplement.tex,b3a0b50dcf9b9d2d08ac8ef1f559c096068c4372cce398f7989451cc0028894a,The filtration contains prior charged outcomes; certificates can be loose.,STATELESS_REVIEW_UNAVAILABLE
C06,"Product envelope applies to actual hazards, not loose upper certificates",paper/main.tex:thm:firsthit,PROOF_AND_COUNTEREXAMPLE,artifact/results/raw/proof-implementation-checks.json,0e87c739c7040ea06c99602f18e789d4de239eaf5a2589cb30c5acaa61586d56,The additive certificate may exceed one before the final cap.,STATELESS_REVIEW_UNAVAILABLE
C07,Four-game composition theorem,paper/main.tex:thm:composition,HUMAN_REDUCTION,paper/supplement.tex,b3a0b50dcf9b9d2d08ac8ef1f559c096068c4372cce398f7989451cc0028894a,"Primitive games must match deployment challenge, leakage, reader, key-use, and coalition surfaces.",STATELESS_REVIEW_UNAVAILABLE
C08,Anytime calibration and evidence-conditioned composition,paper/main.tex:thm:evidence,PROOF_AND_EXACT_PROGRAM,artifact/results/raw/run-summary.json,74ed6db27db9a8f0e264878a823dbefc2ada92b3bd244f1f320a26b9544b3156,Strata and error spending are predeclared; deployment shift is historywise.,STATELESS_REVIEW_UNAVAILABLE
C09,Historywise deployment-shift bridge,paper/main.tex:thm:evidence,PROOF_AND_COUNTEREXAMPLE,artifact/results/raw/run-summary.json,74ed6db27db9a8f0e264878a823dbefc2ada92b3bd244f1f320a26b9544b3156,Marginal equality alone is insufficient.,STATELESS_REVIEW_UNAVAILABLE
C10,Authenticated derivation-graph and multi-lineage lifting,paper/main.tex:prop:dag;prop:multilineage,HUMAN_PROOF,paper/supplement.tex,b3a0b50dcf9b9d2d08ac8ef1f559c096068c4372cce398f7989451cc0028894a,The implementation remains a linear-chain instance.,STATELESS_REVIEW_UNAVAILABLE
C11,Single-key threshold candidate and scalar-reader semantics,paper/main.tex:prop:threshold,PROOF_AND_ENUMERATION,artifact/results/raw/threshold-shared-key-candidate-cells.csv,7bd6bfe77853628ab4cc622dffcdceaa622067f315d4b7f5fe83e18d03210ff4,Visible finite-language carrier; scalar Read returns only the canonical contributor.,STATELESS_REVIEW_UNAVAILABLE
C12,Compiled multi-context coalition trace contract,paper/main.tex:par:compiled-coalition,PROOF_AND_ENUMERATION,artifact/results/raw/threshold-coalition-cells.csv,af610b62291d99ff7460eea1eaa1578cc77f03b1605ad6397e8e46d5f6c9381a,Each signed context has its own derived key and exact tip payload; other schedules need separate contracts.,STATELESS_REVIEW_UNAVAILABLE
C13,Polynomial residual reader equivalence,paper/main.tex:prop:residual,PROOF_AND_DIFFERENTIAL_CHECK,artifact/results/raw/proof-implementation-checks.json,0e87c739c7040ea06c99602f18e789d4de239eaf5a2589cb30c5acaa61586d56,Equivalence is for canonical authenticated field points.,STATELESS_REVIEW_UNAVAILABLE
C14,"Finite omission, lattice, and architecture truth-table consistency",paper/main.tex:tab:results,DETERMINISTIC_TRUTH_TABLE_EVIDENCE,artifact/results/raw/run-summary.json,74ed6db27db9a8f0e264878a823dbefc2ada92b3bd244f1f320a26b9544b3156,All three views share REQUIRED and are not independent mechanism experiments.,STATELESS_REVIEW_UNAVAILABLE
C15,Threshold checker fail-closed behavior and complete cell evidence,paper/main.tex:tab:results,DETERMINISTIC_EXECUTABLE_EVIDENCE,artifact/results/raw/run-summary.json,74ed6db27db9a8f0e264878a823dbefc2ada92b3bd244f1f320a26b9544b3156,"Finite cells test implementation correspondence, not a production rate.",STATELESS_REVIEW_UNAVAILABLE
C16,Long-chain construction through a common exported-output boundary,paper/main.tex:fig:cost,FROZEN_CPU_MEASUREMENT,artifact/results/raw/run-summary.json,74ed6db27db9a8f0e264878a823dbefc2ada92b3bd244f1f320a26b9544b3156,"One recorded CPU allocation; no fitting, outlier removal, or extrapolation.",STATELESS_REVIEW_UNAVAILABLE
C17,Complete-artifact canonicalization and verifier exception rejection,paper/main.tex:Boundary Evidence and Alternative Safeguards,REGRESSION_AND_BOUNDARY_CHECK,artifact/results/raw/proof-implementation-checks.json,0e87c739c7040ea06c99602f18e789d4de239eaf5a2589cb30c5acaa61586d56,Other implementations must preserve the same fail-closed boundary.,STATELESS_REVIEW_UNAVAILABLE
C18,Positive finite instance and removable negative control,paper/main.tex:Authenticated threshold carrier,CONDITIONAL_EXECUTABLE_INSTANCE,artifact/results/raw/run-summary.json,74ed6db27db9a8f0e264878a823dbefc2ada92b3bd244f1f320a26b9544b3156,No production watermark or production attestation stack was executed.,STATELESS_REVIEW_UNAVAILABLE
