item_id,statement,paper_locator,proof_assistant_status,executable_evidence,review_status,assumptions_and_limits
C01,Context-bound compiler and four game contracts,paper/main.tex:Security Model and Primitive Contracts,NOT_MECHANIZED,paper/supplement.tex,HUMAN_PROOF,Honest issuer and declared policy/leakage surfaces; no universal-composability claim.
C02,Chain correctness and accepted-chain classification,paper/main.tex:lem:correctness;lem:classification,NOT_MECHANIZED,paper/supplement.tex,HUMAN_PROOF,Signature and context-hash assumptions are charged explicitly.
C03,Exact-tip verification and public authorization closure,paper/main.tex:lem:tip;prop:authorization;lem:closure-alignment,NOT_MECHANIZED,artifact/results/raw/proof-implementation-checks.json,PROOF_AND_REGRESSION,Authorization is public and reader independent.
C04,Terminal success/failure registry and crash-safe continuation,paper/main.tex:prop:registry;prop:session;prop:failure,NOT_MECHANIZED,artifact/results/raw/run-summary.json,PROOF_AND_EXECUTABLE_CHECK,Snapshot authentication does not prove freshness; anti-rollback state is external.
C05,Adaptive first-hit risk ledger,paper/main.tex:thm:firsthit,NOT_MECHANIZED,paper/supplement.tex,HUMAN_PROOF,The filtration contains prior charged outcomes; certificates can be loose.
C06,"Product envelope applies to actual hazards, not loose upper certificates",paper/main.tex:thm:firsthit,NOT_MECHANIZED,artifact/results/raw/proof-implementation-checks.json,PROOF_AND_COUNTEREXAMPLE,The additive certificate may exceed one before the final cap.
C07,Four-game composition theorem,paper/main.tex:thm:composition,NOT_MECHANIZED,paper/supplement.tex,HUMAN_REDUCTION,"Primitive games must match deployment challenge, leakage, reader, key-use, and coalition surfaces."
C08,Anytime calibration and evidence-conditioned composition,paper/main.tex:thm:evidence,NOT_MECHANIZED,artifact/results/raw/run-summary.json,PROOF_AND_EXACT_PROGRAM,Strata and error spending are predeclared; deployment shift is historywise.
C09,Historywise deployment-shift bridge,paper/main.tex:thm:evidence,NOT_MECHANIZED,artifact/results/raw/run-summary.json,PROOF_AND_COUNTEREXAMPLE,Marginal equality alone is insufficient.
C10,Authenticated derivation-graph and multi-lineage lifting,paper/main.tex:prop:dag;prop:multilineage,NOT_MECHANIZED,paper/supplement.tex,HUMAN_PROOF,The implementation remains a linear-chain instance.
C11,Single-key threshold candidate and scalar-reader semantics,paper/main.tex:prop:threshold,NOT_MECHANIZED,artifact/results/raw/threshold-shared-key-candidate-cells.csv,PROOF_AND_ENUMERATION,Visible finite-language carrier; scalar Read returns only the canonical contributor.
C12,Compiled multi-context coalition trace contract,paper/main.tex:par:compiled-coalition,NOT_MECHANIZED,artifact/results/raw/threshold-coalition-cells.csv,PROOF_AND_ENUMERATION,Each signed context has its own derived key and exact tip payload; other schedules need separate contracts.
C13,Polynomial residual reader equivalence,paper/main.tex:prop:residual,NOT_MECHANIZED,artifact/results/raw/proof-implementation-checks.json,PROOF_AND_DIFFERENTIAL_CHECK,Equivalence is for canonical authenticated field points.
C14,"Finite omission, lattice, and architecture truth-table consistency",paper/main.tex:tab:results,NOT_MECHANIZED,artifact/results/raw/run-summary.json,DETERMINISTIC_TRUTH_TABLE_EVIDENCE,All three views share REQUIRED and are not independent mechanism experiments.
C15,Threshold checker fail-closed behavior and complete cell evidence,paper/main.tex:tab:results,NOT_MECHANIZED,artifact/results/raw/run-summary.json,DETERMINISTIC_EXECUTABLE_EVIDENCE,"Finite cells test implementation correspondence, not a production rate."
C16,Long-chain construction through a common exported-output boundary,paper/main.tex:fig:cost,NOT_MECHANIZED,artifact/results/raw/run-summary.json,FROZEN_CPU_MEASUREMENT,"One recorded CPU allocation; no fitting, outlier removal, or extrapolation."
C17,Complete-artifact canonicalization and verifier exception rejection,paper/main.tex:Boundary Evidence and Alternative Safeguards,NOT_MECHANIZED,artifact/results/raw/proof-implementation-checks.json,REGRESSION_AND_BOUNDARY_CHECK,Other implementations must preserve the same fail-closed boundary.
C18,Positive finite instance and removable negative control,paper/main.tex:Authenticated threshold carrier,NOT_MECHANIZED,artifact/results/raw/run-summary.json,CONDITIONAL_EXECUTABLE_INSTANCE,No production watermark or production attestation stack was executed.
