resource,version_or_identifier,evidence_mode,locator,actual_sha256,hash_scope,executed_or_compiled,limitation
IEEE class,V1.8b,LOCAL_FILE,paper/IEEEtran.cls,c972aca108fda004c3514d63658e02816da2e54d9a1451e870b9bd970e003f55,local file bytes,used unmodified,not a scientific baseline
IEEE unsorted bibliography style,standard TeX Live distribution,LOCAL_FILE,paper/IEEEtran.bst,314f0ece704568faf827011bac498650691b2b5ee06320720830e782416d5a5f,local file bytes,used unmodified for first-citation ordering,not a scientific baseline
Supplied sorted IEEE style,uploaded version,LOCAL_FILE,paper/IEEEtranS.bst,fca86cd4f041a5c5326295fa04dcce56eaf2c8a4bf3219549401235502f24c25,local file bytes,retained unmodified but NOT used,not a scientific baseline
CPython,3.13.5,INSTALLED_RUNTIME_USED,runtime interpreter,,version recorded; no wheel hash claimed,all CPU experiments,requirements pin supplied; redistribution not included
cryptography,46.0.4,INSTALLED_RUNTIME_USED,cryptography,,version recorded; no wheel hash claimed,Ed25519 implementation,requirements pin supplied; redistribution not included
SciPy,1.17.0,INSTALLED_RUNTIME_USED,scipy,,version recorded; no wheel hash claimed,beta quantile inversion,requirements pin supplied; redistribution not included
intoto2019,torres-arias,SCHOLARLY_GUARANTEE_COMPARISON,https://www.usenix.org/conference/usenixsecurity19/presentation/torres-arias,,no paper or code download hash claimed,NOT EXECUTED,PRIMARY_RECORD_OR_AUTHOR_ABSTRACT; not a reproduced performance baseline
codemark2025,10.1109/TDSC.2025.3594599,SCHOLARLY_GUARANTEE_COMPARISON,https://doi.org/10.1109/TDSC.2025.3594599,,no paper or code download hash claimed,NOT EXECUTED,BIBLIOGRAPHIC_RECORD_ONLY_PRIMARY_FULLTEXT_NOT_RETRIEVED; not a reproduced performance baseline
srcmarker2024,10.1109/SP54263.2024.00097,SCHOLARLY_GUARANTEE_COMPARISON,https://researchportal.hkust.edu.hk/en/publications/srcmarker-dual-channel-source-code-watermarking-via-scalable-code-2/,,no paper or code download hash claimed,NOT EXECUTED,PRIMARY_RECORD_OR_AUTHOR_ABSTRACT; not a reproduced performance baseline
matrix2026,2604.16001,SCHOLARLY_GUARANTEE_COMPARISON,https://arxiv.org/abs/2604.16001,,no paper or code download hash claimed,NOT EXECUTED,PRIMARY_RECORD_OR_AUTHOR_ABSTRACT; not a reproduced performance baseline
dwc2026,10.1007/s10515-025-00561-1,SCHOLARLY_GUARANTEE_COMPARISON,https://dblp.org/rec/journals/ase/LinLJPZWL26.html,,no paper or code download hash claimed,NOT EXECUTED,BIBLIOGRAPHIC_RECORD_ONLY_PRIMARY_FULLTEXT_NOT_RETRIEVED; not a reproduced performance baseline
rosemary2025,2502.02068,SCHOLARLY_GUARANTEE_COMPARISON,https://arxiv.org/abs/2502.02068,,no paper or code download hash claimed,NOT EXECUTED,PRIMARY_RECORD_OR_AUTHOR_ABSTRACT; not a reproduced performance baseline
decoma2025,10.1145/3728952,SCHOLARLY_GUARANTEE_COMPARISON,https://doi.org/10.1145/3728952,,no paper or code download hash claimed,NOT EXECUTED,PRIMARY_RECORD_OR_AUTHOR_ABSTRACT; not a reproduced performance baseline
lineagemark2026,2606.17123,SCHOLARLY_GUARANTEE_COMPARISON,https://arxiv.org/abs/2606.17123,,no paper or code download hash claimed,NOT EXECUTED,PRIMARY_RECORD_OR_AUTHOR_ABSTRACT; not a reproduced performance baseline
authcontradictions2026,2603.02378,SCHOLARLY_GUARANTEE_COMPARISON,https://arxiv.org/abs/2603.02378,,no paper or code download hash claimed,NOT EXECUTED,PRIMARY_RECORD_OR_AUTHOR_ABSTRACT; not a reproduced performance baseline
datalineage2016,10.1109/TDSC.2015.2399296,SCHOLARLY_GUARANTEE_COMPARISON,https://ieeexplore.ieee.org/abstract/document/7029631,,no paper or code download hash claimed,NOT EXECUTED,PRIMARY_RECORD_OR_AUTHOR_ABSTRACT; not a reproduced performance baseline
chainiac2017,nikitin,SCHOLARLY_GUARANTEE_COMPARISON,https://www.usenix.org/conference/usenixsecurity17/technical-sessions/presentation/nikitin,,no paper or code download hash claimed,NOT EXECUTED,PRIMARY_RECORD_OR_AUTHOR_ABSTRACT; not a reproduced performance baseline
zkcompile2026,2602.11887,SCHOLARLY_GUARANTEE_COMPARISON,https://arxiv.org/abs/2602.11887,,no paper or code download hash claimed,NOT EXECUTED,PRIMARY_RECORD_OR_AUTHOR_ABSTRACT; not a reproduced performance baseline
in-toto implementation,3.1.0,SOURCE_EXCERPT_READ_DEPENDENCY_ATTEMPT_FAILED,artifact/external/in-toto-source-review.json,,expected upstream hash only in source-review record,NOT EXECUTED,see EXEC-IN-TOTO-01
