all_verifications_passed,artifact_bytes,artifact_bytes_max,artifact_bytes_min,chain_length,construction_boundary,manifest_bytes,manifest_bytes_max,manifest_bytes_min,median_replay_total_us,median_serialize_us,median_validated_tip_append_only_us,median_validated_tip_snapshot_export_us,median_validated_tip_total_us,median_validated_tip_us_per_stage,median_verify_us,p95_replay_total_us,p95_serialize_us,p95_validated_tip_append_only_us,p95_validated_tip_snapshot_export_us,p95_validated_tip_total_us,p95_verify_us,replay_exports_verified,replay_samples,replay_to_tip_speedup,serialize_sample_definition,serialize_samples,session_exports_verified,session_samples,verify_sample_definition,verify_samples
True,1089,1089,1089,1,end-to-end construction through one exported full chain and tip artifact,477,477,475,542.687,9.104,656.058,36.164,693.345,693.345,307.383,596.579,10.556,942.59,41.403,980.738,388.425,7,7,0.7827084640402685,one serialization for each distinct session export,31,31,31,one verification for each distinct session export,31
True,1089,1089,1089,2,end-to-end construction through one exported full chain and tip artifact,1011,1011,1007,1245.867,15.112,1319.668,41.803,1363.514,681.757,435.116,1383.364,17.076,1511.176,58.918,1555.243,484.46,7,7,0.9137177909431073,one serialization for each distinct session export,31,31,31,one verification for each distinct session export,31
True,1089,1089,1089,4,end-to-end construction through one exported full chain and tip artifact,2078,2078,2070,3178.187,27.371,2708.32,52.95,2761.4,690.35,702.588,3257.377,29.044,3086.409,72.269,3140.17,820.085,7,7,1.1509332222785542,one serialization for each distinct session export,31,31,31,one verification for each distinct session export,31
True,1089,1089,1089,8,end-to-end construction through one exported full chain and tip artifact,4212,4212,4196,8678.22,50.086,5263.8,69.716,5332.243,666.530375,1220.912,9160.377,58.368,6227.01,88.524,6301.562,1445.921,7,7,1.6274989718210515,one serialization for each distinct session export,31,31,31,one verification for each distinct session export,31
True,1089,1089,1089,16,end-to-end construction through one exported full chain and tip artifact,8530,8530,8498,27070.492,97.306,10757.736,109.996,10866.12,679.1325,2249.443,30413.625,129.816,11973.901,135.244,12085.74,2407.311,7,7,2.4912748984918256,one serialization for each distinct session export,31,31,31,one verification for each distinct session export,31
True,1089,1089,1089,32,end-to-end construction through one exported full chain and tip artifact,17146,17146,17082,91884.475,189.676,21266.628,187.983,21452.408,670.38775,4381.399,95812.579,219.261,23674.169,236.066,23911.918,4776.255,7,7,4.283177674040136,one serialization for each distinct session export,31,31,31,one verification for each distinct session export,31
True,1089,1089,1089,64,end-to-end construction through one exported full chain and tip artifact,34378,34378,34250,356530.854,380.423,46202.305,370.498,46726.445,730.100703125,8958.324,419197.746,505.842,58226.868,522.417,58648.633,10810.753,7,7,7.630172892459505,one serialization for each distinct session export,31,31,31,one verification for each distinct session export,31
True,1089,1089,1089,128,end-to-end construction through one exported full chain and tip artifact,69182,69182,68926,1332561.323,763.089,88568.405,824.422,89748.953,701.1636953125,17212.061,1391249.632,906.686,101385.215,1567.793,102202.516,19293.347,7,7,14.84765313083931,one serialization for each distinct session export,31,31,31,one verification for each distinct session export,31
True,1089,1089,1089,256,end-to-end construction through one exported full chain and tip artifact,138750,138750,138238,5121403.794,1640.551,174966.818,1629.695,176507.629,689.48292578125,34312.474,5209174.076,1865.289,184848.783,2350.812,186487.782,37232.955,7,7,29.015197943653757,one serialization for each distinct session export,31,31,31,one verification for each distinct session export,31
True,1089,1089,1089,512,end-to-end construction through one exported full chain and tip artifact,277886,277886,276862,,3429.464,351998.553,3047.169,355006.293,693.371666015625,67551.782,,4329.951,422688.655,3603.006,425790.727,73110.715,0,0,,one serialization for each distinct session export,31,31,31,one verification for each distinct session export,31
True,1089,1089,1089,1024,end-to-end construction through one exported full chain and tip artifact,558278,558278,556230,,6822.705,709786.11,6433.659,716222.193,699.4357353515625,134435.859,,7458.034,785280.784,7587.688,792027.094,140567.04,0,0,,one serialization for each distinct session export,31,31,31,one verification for each distinct session export,31
True,1089,1089,1089,2048,end-to-end construction through one exported full chain and tip artifact,1119942,1119942,1115846,,13760.284,1420982.111,12759.406,1444459.366,705.3024248046875,269494.081,,15138.118,1527333.632,119902.788,1561721.479,284594.489,0,0,,one serialization for each distinct session export,31,31,31,one verification for each distinct session export,31
