true_probability,horizon,family_alpha,fixed_level_noncoverage,anytime_noncoverage
0.01,64,0.05,0.0,0.0
0.02,64,0.05,0.0,0.0
0.03,64,0.05,0.0,0.0
0.04,64,0.05,0.0,0.0
0.05,64,0.05,0.04849452524942309,0.0
0.06,64,0.05,0.048224177192264954,0.0
0.07,64,0.05,0.047455203408538836,0.0
0.08,64,0.05,0.07454902989089174,0.0
0.09,64,0.05,0.07469240632537706,0.0
0.1,64,0.05,0.09036251753795106,0.0
0.11,64,0.05,0.08896786791035559,0.0
0.12,64,0.05,0.10164103471136617,0.0
0.13,64,0.05,0.10133014022583967,0.0
0.14,64,0.05,0.11705664352209941,0.0
0.15,64,0.05,0.1121053777799648,0.0
0.16,64,0.05,0.11889522303784543,0.0
0.17,64,0.05,0.11986707139174578,1.1581468624002413e-05
0.18,64,0.05,0.1257413013111189,1.4913367962662392e-05
0.19,64,0.05,0.12412859786448396,1.7426933810146202e-05
0.2,64,0.05,0.1322901060684324,2.5530045784673254e-05
0.21,64,0.05,0.13511389779920416,2.8346466673405332e-05
0.22,64,0.05,0.13733355924817703,3.390470387547677e-05
0.23,64,0.05,0.13704550515520622,4.663880855571654e-05
0.24,64,0.05,0.15057233456948876,4.895444176151511e-05
0.25,64,0.05,0.14036364598405984,5.27854922643889e-05
0.26,64,0.05,0.15080685444939101,6.46519342030037e-05
0.27,64,0.05,0.148198241384134,7.338276271159161e-05
0.28,64,0.05,0.14866729795299383,8.801088531150361e-05
0.29,64,0.05,0.15528849809231166,9.057871111301167e-05
0.3,64,0.05,0.15575609100066473,0.00011384830628057356
0.31,64,0.05,0.1515343278224894,0.00012285998876676588
0.32,64,0.05,0.16248757159279315,0.0001246416678756942
0.33,64,0.05,0.1626026866768822,0.0001378874584755094
0.34,64,0.05,0.16065125259858223,0.00014616470827994132
0.35,64,0.05,0.1668948975044221,0.00015857241581770167
0.36,64,0.05,0.1668306658697006,0.00016543954474973856
0.37,64,0.05,0.16659355883622054,0.00020084335011965083
0.38,64,0.05,0.1631072824776307,0.00022890503456928453
0.39,64,0.05,0.1649822516056304,0.00025529343093712395
0.4,64,0.05,0.17264822112141365,0.00023781980173485985
0.41,64,0.05,0.16898228910675647,0.00024984300063976913
0.42,64,0.05,0.17384800106414883,0.00029582478756963216
0.43,64,0.05,0.17115945594635754,0.0002729474441978604
0.44,64,0.05,0.1771701801472368,0.0003358556676027609
0.45,64,0.05,0.1670173513083917,0.0004178114756178894
0.46,64,0.05,0.17489802653858022,0.0003374644429771106
0.47,64,0.05,0.17469403747956735,0.0004415763859668623
0.48,64,0.05,0.1789873389539032,0.0004196408940809685
0.49,64,0.05,0.1743957475660276,0.0005203777257217688
0.5,64,0.05,0.17418477562276213,0.00046440616094078836
0.51,64,0.05,0.17368117501223337,0.0004110496063906914
0.52,64,0.05,0.16862538595641705,0.0005663680923133497
0.53,64,0.05,0.19021607312461855,0.0004840085315805622
0.54,64,0.05,0.18426656554020882,0.0007036007368911139
0.55,64,0.05,0.18668294199186214,0.0006251192751754938
0.56,64,0.05,0.17776450397431473,0.0005946872032081277
0.57,64,0.05,0.1777543934904541,0.0008100191935306698
0.58,64,0.05,0.17250325841573283,0.0007849230073976201
0.59,64,0.05,0.1793001482078153,0.0006875339244534252
0.6,64,0.05,0.17708080063888287,0.001078993600973242
0.61,64,0.05,0.18656515538296184,0.0009698302225526937
0.62,64,0.05,0.1752683549379091,0.0008170956618236218
0.63,64,0.05,0.1689882755632879,0.0008318645081298121
0.64,64,0.05,0.18436807309958947,0.0012466913882727068
0.65,64,0.05,0.18017977280390074,0.0010529216528836355
0.66,64,0.05,0.1964083811338359,0.0011542568853639573
0.67,64,0.05,0.1899688213079247,0.0009666610800007276
0.68,64,0.05,0.18535528604081186,0.0015310763827904807
0.69,64,0.05,0.1803234978336591,0.001393842503726657
0.7,64,0.05,0.1788468648808395,0.0013164556751566919
0.71,64,0.05,0.17056859739488253,0.0011462883356036671
0.72,64,0.05,0.17128169190507025,0.001091226792825503
0.73,64,0.05,0.17767512879930175,0.0022005109432649407
0.74,64,0.05,0.17168112320356216,0.001910363601253581
0.75,64,0.05,0.16793074056580107,0.0016739691611712174
0.76,64,0.05,0.1788384824822215,0.001516647591501427
0.77,64,0.05,0.16918358686455148,0.0016279271749062743
0.78,64,0.05,0.19599266480299474,0.003024108071122581
0.79,64,0.05,0.18621168402053517,0.002843662495309048
0.8,64,0.05,0.17675952772482884,0.0023048804558763866
0.81,64,0.05,0.17976413179788633,0.0018864575535644966
0.82,64,0.05,0.17798290227270092,0.002451798434178338
0.83,64,0.05,0.1685541695820755,0.0019128050776560488
0.84,64,0.05,0.16694806002410884,0.004896622216269605
0.85,64,0.05,0.17414944894817308,0.0040830889925492905
0.86,64,0.05,0.16065590267111254,0.003788563017330718
0.87,64,0.05,0.1681017474827569,0.0035849135513350942
0.88,64,0.05,0.16413566154253706,0.0028877245279200297
0.89,64,0.05,0.16163639787878986,0.0024603319986730037
0.9,64,0.05,0.14939925612271304,0.001913795980857691
0.91,64,0.05,0.15179795937194593,0.009148139278112491
0.92,64,0.05,0.13974840530998575,0.007922216292063132
0.93,64,0.05,0.1421489887983811,0.006268148296104482
0.94,64,0.05,0.135622152322893,0.004543994076610352
0.95,64,0.05,0.1264575037190972,0.003690567854706793
0.96,64,0.05,0.14416698239134335,0.002911344595662723
0.97,64,0.05,0.12553766760039536,0.0033910680565843363
0.98,64,0.05,0.11537026961957329,0.021475760606010686
0.99,64,0.05,0.09274141659448402,0.010801980638476486
