game,queries,records,theorem_bound,independent_model
removal,1,4,3.0001000000000003e-05,3.000079996995364e-05
removal,2,8,6.000100000000001e-05,5.9999699951851504e-05
removal,4,16,0.00012000100000000002,0.00011999480005986385
removal,8,32,0.00024000100000000002,0.00023997420160781768
removal,16,64,0.0004800010000000001,0.00047988981607793857
removal,32,128,0.0009600010000000001,0.0009595483388800119
removal,64,256,0.0019200010000000002,0.0019181749466634646
removal,128,512,0.0038400010000000004,0.0038326695020335366
removal,256,1024,0.007680001000000001,0.00765064865620424
