work,identifier,primary_object,parent_linked_lineage,adaptive_composition_bound,terminal_issue_state,public_authorization_closure,coalition_contract,external_artifact_status,delta
in-toto,USENIX Security 2019,signed supply-chain steps,layout/link metadata,not its stated object,not its stated object,layout policy,not its stated object,DOCUMENTED_GUARANTEE_ONLY; no external execution,authenticates detached steps but does not compose an artifact-resident exact-tip watermark
CodeMark,10.1109/TDSC.2025.3594599,source-code snippet watermark,not stated,not stated,not stated,contextual source host,empirical tracing study,DOCUMENTED_GUARANTEE_ONLY; no external execution,closest code-provenance carrier; no signed multi-stage reduction
SrcMarker,10.1109/SP54263.2024.00097,dual-channel source watermark,not stated,attack evaluation,not stated,host-local channels,not stated,DOCUMENTED_GUARANTEE_ONLY; no external execution,"candidate backend evidence, not an authenticated lineage theorem"
MATRIX,arXiv:2604.16001,multi-layer provenance/version payload,version payload only,not stated,not stated,not the same game,carrier design,DOCUMENTED_GUARANTEE_ONLY; no external execution,richer payload design without signed supply-chain composition
RoSeMary,arXiv:2502.02068,ML/crypto code watermark,not stated,backend-level,not stated,cryptographic verification layer,not stated,DOCUMENTED_GUARANTEE_ONLY; no external execution,"strong backend direction, not multi-stage provenance composition"
DeCoMa,10.1145/3728952,code-dataset watermark removal,not stated,attack study,not stated,not stated,not stated,DOCUMENTED_GUARANTEE_ONLY; no external execution,motivates explicit backend attack surface and prevents robustness overclaim
CHAINIAC,USENIX Security 2017,transparent releases and verified builds,signed skipchain,not watermark games,collective signing,release policy,not stated,DOCUMENTED_GUARANTEE_ONLY; no external execution,global release consistency complements but does not replace host-bound tip evidence
Zero-knowledge compilation provenance,arXiv:2602.11887,source-to-binary proof,single relation,proof soundness,not stated,relation statement,not stated,DOCUMENTED_GUARANTEE_ONLY; no external execution,can discharge one relation interface but does not compose watermark survival
LineageMark,arXiv:2606.17123,multi-user white-box watermarks in model derivation chains,derivation chain is the application object; no signed software records,empirical repeated-derivation robustness,not stated,not the same game,multi-user contribution tracing,DOCUMENTED_GUARANTEE_ONLY; no external execution,"closest derivation-chain watermark comparator; lacks signed software-lineage, terminal-attempt, and stopped-risk composition"
Authenticated Contradictions,arXiv:2603.02378,inconsistent media provenance and watermark signals,C2PA manifest rather than software derivation chain,"cross-layer empirical audit, not the four software games",not stated,content-authentication policy,not stated,DOCUMENTED_GUARANTEE_ONLY; no external execution,demonstrates why independently valid provenance and watermark layers require joint semantics; this work supplies a software-lineage reduction
This work,current manuscript,conditional software-lineage provenance,signed parent or parent set,four stopped first-hit games,success and failure terminal before resampling,public attack-frozen closure,declared group and same-key trace contract,DOCUMENTED_GUARANTEE_ONLY; no external execution,Conditional signed software-lineage first-hit composition plus public-closure/reader alignment and polynomial-time carrier consistency; not a new Shamir scheme or first signature/watermark combination.
LIME / Data Lineage in Malicious Environments,10.1109/TDSC.2015.2399296,accountability for leaked data recipients,,,,,,DOCUMENTED_GUARANTEE_ONLY; no external execution,"already combines robust watermarks, signatures and oblivious transfer; differs from signed software tip and stopped-risk composition"
