citation_key,title,authors,venue,year,volume,number,pages,identifier_type,identifier,source_locator,access_date,verification_level,cited_version,full_text_reviewed_in_entirety,claim_status,scope_note,metadata_sha256
adelsbach2006,A Computational Model for Watermark Robustness,Andr{\'e} Adelsbach and Stefan Katzenbeisser and Ahmad-Reza Sadeghi,Information Hiding,2007,,,145--160,DOI,10.1007/978-3-540-74124-4_10,https://www.researchgate.net/publication/220722261_A_Computational_Model_for_Watermark_Robustness,2026-09-24,BIBLIOGRAPHIC_RECORD_ONLY_PRIMARY_FULLTEXT_NOT_RETRIEVED,FORMAL_PUBLICATION,False,LOCAL_CLAIM_REVIEWED_WITH_ACCESS_LIMIT_NOTED,No full-text reread of the entire article is claimed; support checked at the accessible abstract/record level.,d027cdee9a9cb780184ae73fafc26fad25223cfe6d4e820c0fb7cef38300c7c0
adelsbach2003,Watermarking Schemes Provably Secure Against Copy and Ambiguity Attacks,Andr{\'e} Adelsbach and Stefan Katzenbeisser and Helmut Veith,Proceedings of the 3rd ACM Workshop on Digital Rights Management,2003,,,111--119,DOI,10.1145/947380.947395,https://doi.org/10.1145/947380.947395,2026-09-24,BIBLIOGRAPHIC_RECORD_ONLY_PRIMARY_FULLTEXT_NOT_RETRIEVED,FORMAL_PUBLICATION,False,LOCAL_CLAIM_REVIEWED_WITH_ACCESS_LIMIT_NOTED,No full-text reread of the entire article is claimed; support checked at the accessible abstract/record level.,f124c57df4387316e454669ace741f70e6f9d747353606d6fd754a23bf8be4c5
bellare2000,Public-Key Encryption in a Multi-user Setting: Security Proofs and Improvements,Mihir Bellare and Alexandra Boldyreva and Silvio Micali,Advances in Cryptology---EUROCRYPT 2000,2000,,,259--274,DOI,10.1007/3-540-45539-6_18,https://doi.org/10.1007/3-540-45539-6_18,2026-09-24,BIBLIOGRAPHIC_RECORD_ONLY_PRIMARY_FULLTEXT_NOT_RETRIEVED,FORMAL_PUBLICATION,False,LOCAL_CLAIM_REVIEWED_WITH_ACCESS_LIMIT_NOTED,No full-text reread of the entire article is claimed; support checked at the accessible abstract/record level.,92ca18ce02a5f8d57b1796e87ead69c3a677a3bc6cc01f41f439f380b5ed4ddd
bonehshaw1998,Collusion-Secure Fingerprinting for Digital Data,Dan Boneh and James Shaw,IEEE Transactions on Information Theory,1998,44,5,1897--1905,DOI,10.1109/18.705568,https://doi.org/10.1109/18.705568,2026-09-24,BIBLIOGRAPHIC_RECORD_ONLY_PRIMARY_FULLTEXT_NOT_RETRIEVED,FORMAL_PUBLICATION,False,LOCAL_CLAIM_REVIEWED_WITH_ACCESS_LIMIT_NOTED,No full-text reread of the entire article is claimed; support checked at the accessible abstract/record level.,c7ed3c19015fab9d2da6266153ef7adc011582ac549fe241fad78d41b64cf9b2
canetti2001,Universally Composable Security: A New Paradigm for Cryptographic Protocols,Ran Canetti,Proceedings of the 42nd IEEE Symposium on Foundations of Computer Science,2001,,,136--145,DOI,10.1109/SFCS.2001.959888,https://doi.org/10.1109/SFCS.2001.959888,2026-09-24,PRIMARY_INSTITUTIONAL_METADATA,FORMAL_PUBLICATION,False,LOCAL_CLAIM_REVIEWED_WITH_ACCESS_LIMIT_NOTED,Institutional metadata was cross-checked; full proof text not retrieved.,c9f065ec4159eab94d4238faa66a721a4f2a0bcb92e8c16b92274d39f4049bdc
cohen2018,Watermarking Cryptographic Capabilities,Aloni Cohen and Justin Holmgren and Ryo Nishimaki and Vinod Vaikuntanathan and Daniel Wichs,SIAM Journal on Computing,2018,47,6,2157--2202,DOI,10.1137/18M1164834,https://epubs.siam.org/doi/10.1137/18M1164834,2026-09-24,PRIMARY_RECORD_OR_AUTHOR_ABSTRACT,FORMAL_PUBLICATION,False,LOCAL_CLAIM_REVIEWED_WITH_ACCESS_LIMIT_NOTED,No full-text reread of the entire article is claimed; support checked at the accessible abstract/record level.,538adbf9a68e1db1c707dad1ade2250861aa81b4a598865f3fa2874bd60ccc11
craver1998,"Resolving Rightful Ownerships with Invisible Watermarking Techniques: Limitations, Attacks, and Implications",Scott Craver and Nasir Memon and Boon-Lock Yeo and Minerva M. Yeung,IEEE Journal on Selected Areas in Communications,1998,16,4,573--586,DOI,10.1109/49.668979,https://doi.org/10.1109/49.668979,2026-09-24,PRIMARY_INSTITUTIONAL_METADATA,FORMAL_PUBLICATION,False,LOCAL_CLAIM_REVIEWED_WITH_ACCESS_LIMIT_NOTED,Institutional metadata was cross-checked; full proof text not retrieved.,e4330d2690498c54fb234cc9a393f204878b817d9877ceea68de9b9aad236a78
hopper2007,From Weak to Strong Watermarking,Nicholas Hopper and David Molnar and David A. Wagner,Theory of Cryptography Conference,2007,,,362--382,DOI,10.1007/978-3-540-70936-7_20,https://doi.org/10.1007/978-3-540-70936-7_20,2026-09-24,PRIMARY_INSTITUTIONAL_METADATA,FORMAL_PUBLICATION,False,LOCAL_CLAIM_REVIEWED_WITH_ACCESS_LIMIT_NOTED,Institutional metadata was cross-checked; full proof text not retrieved.,2ec48e0adb262b5ae9085f5b4a71cd6c62a4d60f0a563c714feb6133606ef23d
ggm1986,How to Construct Random Functions,Oded Goldreich and Shafi Goldwasser and Silvio Micali,Journal of the ACM,1986,33,4,792--807,DOI,10.1145/6490.6503,https://doi.org/10.1145/6490.6503,2026-09-24,PRIMARY_RECORD_OR_AUTHOR_ABSTRACT,FORMAL_PUBLICATION,False,LOCAL_CLAIM_REVIEWED_WITH_ACCESS_LIMIT_NOTED,No full-text reread of the entire article is claimed; support checked at the accessible abstract/record level.,7791c3b598a3de1655d39aa2eb4d44ccdd322fbcbc93ef173c9a69df370bf6ec
hmac1996,Keying Hash Functions for Message Authentication,Mihir Bellare and Ran Canetti and Hugo Krawczyk,Advances in Cryptology---CRYPTO 1996,1996,,,1--15,DOI,10.1007/3-540-68697-5_1,https://cris.tau.ac.il/en/publications/keying-hash-functions-for-message-authentication/,2026-09-24,PRIMARY_RECORD_OR_AUTHOR_ABSTRACT,FORMAL_PUBLICATION,False,LOCAL_CLAIM_REVIEWED_WITH_ACCESS_LIMIT_NOTED,No full-text reread of the entire article is claimed; support checked at the accessible abstract/record level.,ec597bc32271be5456350c199b3f52560c29a1d489c4dd470861140da19b109d
gmr1988,A Digital Signature Scheme Secure Against Adaptive Chosen-Message Attacks,Shafi Goldwasser and Silvio Micali and Ronald L. Rivest,SIAM Journal on Computing,1988,17,2,281--308,DOI,10.1137/0217017,https://epubs.siam.org/doi/10.1137/0217017,2026-09-24,PRIMARY_RECORD_OR_AUTHOR_ABSTRACT,FORMAL_PUBLICATION,False,LOCAL_CLAIM_REVIEWED_WITH_ACCESS_LIMIT_NOTED,No full-text reread of the entire article is claimed; support checked at the accessible abstract/record level.,ea7ef52e46aad9c0fa6690bde1cf08e7e4eba3c2fc6ee4c22a6cd7e48a197861
sufcma2008,General Conversion for Obtaining Strongly Existentially Unforgeable Signatures,Isamu Teranishi and Takuro Oyama and Wakaha Ogata,"IEICE Transactions on Fundamentals of Electronics, Communications and Computer Sciences",2008,E91-A,1,94--106,DOI,10.1093/ietfec/e91-a.1.94,https://www.jstage.jst.go.jp/article/transfun/E91.A/1/E91.A_1_94/_article,2026-09-24,PRIMARY_RECORD_OR_AUTHOR_ABSTRACT,FORMAL_PUBLICATION,False,LOCAL_CLAIM_REVIEWED_WITH_ACCESS_LIMIT_NOTED,No full-text reread of the entire article is claimed; support checked at the accessible abstract/record level.,5e137d2363036bc3264af51e6901579a50557eb91015a1042e097ee184c62f0f
tardos2008,Optimal Probabilistic Fingerprint Codes,G{\'a}bor Tardos,Journal of the ACM,2008,55,2,1--24,DOI,10.1145/1346330.1346335,https://doi.org/10.1145/1346330.1346335,2026-09-24,PRIMARY_INSTITUTIONAL_METADATA,FORMAL_PUBLICATION,False,LOCAL_CLAIM_REVIEWED_WITH_ACCESS_LIMIT_NOTED,Institutional metadata was cross-checked; full proof text not retrieved.,4cf7e489bb70f5936169166b16d215bf1d13987894aeb318f4bf82bc4267823e
clopperpearson1934,The Use of Confidence or Fiducial Limits Illustrated in the Case of the Binomial,C. J. Clopper and E. S. Pearson,Biometrika,1934,26,4,404--413,DOI,10.1093/biomet/26.4.404,https://doi.org/10.1093/biomet/26.4.404,2026-09-24,PRIMARY_RECORD_OR_AUTHOR_ABSTRACT,FORMAL_PUBLICATION,False,LOCAL_CLAIM_REVIEWED_WITH_ACCESS_LIMIT_NOTED,No full-text reread of the entire article is claimed; support checked at the accessible abstract/record level.,962c6eb7cc7800da9fa6be23b5943ab1a8d0ce8a038f90eb063425dc06762be5
howard2021,"Time-Uniform, Nonparametric, Nonasymptotic Confidence Sequences",Steven R. Howard and Aaditya Ramdas and Jon McAuliffe and Jasjeet Sekhon,The Annals of Statistics,2021,49,2,1055--1080,DOI,10.1214/20-AOS1991,https://doi.org/10.1214/20-AOS1991,2026-09-24,PRIMARY_INSTITUTIONAL_METADATA,FORMAL_PUBLICATION,False,LOCAL_CLAIM_REVIEWED_WITH_ACCESS_LIMIT_NOTED,Institutional metadata was cross-checked; full proof text not retrieved.,8606ec5a934493207653626ed7a47c0520ecd05844f3613aa354dce1812d2575
johari2022,Always Valid Inference: Continuous Monitoring of A/B Tests,Ramesh Johari and Pete Koomen and Leonid Pekelis and David Walsh,Operations Research,2022,70,3,1806--1821,DOI,10.1287/opre.2021.2135,https://pubsonline.informs.org/doi/abs/10.1287/opre.2021.2135,2026-09-24,PRIMARY_RECORD_OR_AUTHOR_ABSTRACT,FORMAL_PUBLICATION,False,LOCAL_CLAIM_REVIEWED_WITH_ACCESS_LIMIT_NOTED,No full-text reread of the entire article is claimed; support checked at the accessible abstract/record level.,21e81edaf2b84d62de1ac626450475cc81c7dea6f9c3f7ce818ce5f27974af9b
collberg1999,Software Watermarking: Models and Dynamic Embeddings,Christian S. Collberg and Clark D. Thomborson,Proceedings of the 26th ACM SIGPLAN-SIGACT Symposium on Principles of Programming Languages,1999,,,311--324,DOI,10.1145/292540.292569,https://dblp.uni-trier.de/rec/conf/popl/CollbergT99.html,2026-09-24,BIBLIOGRAPHIC_RECORD_ONLY_PRIMARY_FULLTEXT_NOT_RETRIEVED,FORMAL_PUBLICATION,False,LOCAL_CLAIM_REVIEWED_WITH_ACCESS_LIMIT_NOTED,No full-text reread of the entire article is claimed; support checked at the accessible abstract/record level.,c62028b58560bc09d0290263a73de69a6c3efbcc296ac3c398f7a7d4180aee21
collbergsahoo2005,"Software Watermarking in the Frequency Domain: Implementation, Analysis, and Attacks",Christian Collberg and Tapas Ranjan Sahoo,Journal of Computer Security,2005,13,5,721--755,DOI,10.3233/JCS-2005-13503,https://journals.sagepub.com/doi/abs/10.3233/JCS-2005-13503,2026-09-24,PRIMARY_RECORD_OR_AUTHOR_ABSTRACT,FORMAL_PUBLICATION,False,LOCAL_CLAIM_REVIEWED_WITH_ACCESS_LIMIT_NOTED,No full-text reread of the entire article is claimed; support checked at the accessible abstract/record level.,449982355fb4ca4c1b4a3371d5621a82b4ea6bc70db32d253f65f45335271fd8
hydan2004,Hydan: Hiding Information in Program Binaries,Rakan El-Khalil and Angelos D. Keromytis,Information and Communications Security,2004,3269,,187--199,DOI,10.1007/978-3-540-30191-2_15,https://doi.org/10.1007/978-3-540-30191-2_15,2026-09-24,BIBLIOGRAPHIC_RECORD_ONLY_PRIMARY_FULLTEXT_NOT_RETRIEVED,FORMAL_PUBLICATION,False,LOCAL_CLAIM_REVIEWED_WITH_ACCESS_LIMIT_NOTED,No full-text reread of the entire article is claimed; support checked at the accessible abstract/record level.,306d8c8c7eb4d6c0ccf53799896edc897952c66fc70d970d7fa362f9f1bc695d
venkatesan2001,A Graph Theoretic Approach to Software Watermarking,Ramarathnam Venkatesan and Vijay V. Vazirani and Saurabh Sinha,Information Hiding,2001,,,157--168,DOI,10.1007/3-540-45496-9_12,https://experts.illinois.edu/en/publications/a-graph-theoretic-approach-to-software-watermarking/,2026-09-24,PRIMARY_RECORD_OR_AUTHOR_ABSTRACT,FORMAL_PUBLICATION,False,LOCAL_CLAIM_REVIEWED_WITH_ACCESS_LIMIT_NOTED,No full-text reread of the entire article is claimed; support checked at the accessible abstract/record level.,99d76dfe1fb3c8acdbb74e9a4fa80e1442a748e027df63fb49ea7c2c5b290aa6
xmark2019,XMark: Dynamic Software Watermarking Using Collatz Conjecture,Haoyu Ma and Chunfu Jia and Shijia Li and Wantong Zheng and Dinghao Wu,IEEE Transactions on Information Forensics and Security,2019,14,11,2859--2874,DOI,10.1109/TIFS.2019.2908071,https://pure.psu.edu/en/publications/xmark-dynamic-software-watermarking-using-collatz-conjecture/,2026-09-24,PRIMARY_RECORD_OR_AUTHOR_ABSTRACT,FORMAL_PUBLICATION,False,LOCAL_CLAIM_REVIEWED_WITH_ACCESS_LIMIT_NOTED,No full-text reread of the entire article is claimed; support checked at the accessible abstract/record level.,b6cdb39ca204aeb7b3de8ba9b3fa4e3c4e73040cea8983711dfd304987e54df6
droidmarking2014,Droidmarking: Resilient Software Watermarking for Impeding Android Application Repackaging,Chuangang Ren and Kai Chen and Peng Liu,Proceedings of the 29th ACM/IEEE International Conference on Automated Software Engineering,2014,,,635--645,DOI,10.1145/2642937.2642977,https://pure.psu.edu/en/publications/droidmarking-resilient-software-watermarking-for-impeding-android/,2026-09-24,PRIMARY_RECORD_OR_AUTHOR_ABSTRACT,FORMAL_PUBLICATION,False,LOCAL_CLAIM_REVIEWED_WITH_ACCESS_LIMIT_NOTED,No full-text reread of the entire article is claimed; support checked at the accessible abstract/record level.,4f36a2146adb2c4d6f5a891cc62785b9def3d2d31e6df91b2fe5b1653075ddac
deysurvey2019,Software Watermarking: Progress and Challenges,Ayan Dey and Sukriti Bhattacharya and Nabendu Chaki,INAE Letters,2019,4,1,65--75,DOI,10.1007/s41403-018-0058-8,https://doi.org/10.1007/s41403-018-0058-8,2026-09-24,BIBLIOGRAPHIC_RECORD_ONLY_PRIMARY_FULLTEXT_NOT_RETRIEVED,FORMAL_PUBLICATION,False,LOCAL_CLAIM_REVIEWED_WITH_ACCESS_LIMIT_NOTED,No full-text reread of the entire article is claimed; support checked at the accessible abstract/record level.,f6bb142add77ff2ccc1fded721730859acb9f433ee6fb9b96d1ff3bd87eb65b4
zkcompile2026,Verifiable Provenance of Software Artifacts with Zero-Knowledge Compilation,Javier Ron and Martin Monperrus,arXiv preprint arXiv:2602.11887,2026,,,,ARXIV,2602.11887,https://arxiv.org/abs/2602.11887,2026-09-24,PRIMARY_RECORD_OR_AUTHOR_ABSTRACT,PREPRINT,False,LOCAL_CLAIM_REVIEWED_WITH_ACCESS_LIMIT_NOTED,No full-text reread of the entire article is claimed; support checked at the accessible abstract/record level.,12d986cbb74b1cfa15925888dedb25c993d885984a821b2562ce2a305d57d7b5
tianbirthmark2015,Software Plagiarism Detection with Birthmarks Based on Dynamic Key Instruction Sequences,Zhenzhou Tian and Qinghua Zheng and Ting Liu and Ming Fan and Eryue Zhuang and Zijiang Yang,IEEE Transactions on Software Engineering,2015,41,12,1217--1235,DOI,10.1109/TSE.2015.2454508,https://doi.org/10.1109/TSE.2015.2454508,2026-09-24,BIBLIOGRAPHIC_RECORD_ONLY_PRIMARY_FULLTEXT_NOT_RETRIEVED,FORMAL_PUBLICATION,False,LOCAL_CLAIM_REVIEWED_WITH_ACCESS_LIMIT_NOTED,No full-text reread of the entire article is claimed; support checked at the accessible abstract/record level.,8577a41f5c577e83c3e002214545a87e09b3ef009ab241b449f5c592951b8261
myles2005,$K$-gram Software Birthmarks,Ginger Myles and Christian Collberg,Proceedings of the 20th ACM Symposium on Applied Computing,2005,,,314--318,DOI,10.1145/1066677.1066753,https://experts.arizona.edu/en/publications/k-gram-software-birthmarks/,2026-09-24,PRIMARY_RECORD_OR_AUTHOR_ABSTRACT,FORMAL_PUBLICATION,False,LOCAL_CLAIM_REVIEWED_WITH_ACCESS_LIMIT_NOTED,No full-text reread of the entire article is claimed; support checked at the accessible abstract/record level.,01f713c40a864857d7cb4247b6135065500f1026ea99a1b0134f8842e82498f0
schuler2007,A Dynamic Birthmark for Java,David Schuler and Valentin Dallmeier and Christian Lindig,Proceedings of the 22nd IEEE/ACM International Conference on Automated Software Engineering,2007,,,274--283,DOI,10.1145/1321631.1321672,https://www.st.cs.uni-saarland.de/publications/details/schuler-ase-2007/,2026-09-24,PRIMARY_RECORD_OR_AUTHOR_ABSTRACT,FORMAL_PUBLICATION,False,LOCAL_CLAIM_REVIEWED_WITH_ACCESS_LIMIT_NOTED,No full-text reread of the entire article is claimed; support checked at the accessible abstract/record level.,bee140105f967ebc1b069d8e945cafaf16b1e2dee4c2f2010bbcd467169d099f
wangtheft2009,Behavior Based Software Theft Detection,Xinran Wang and Yoon-Chan Jhi and Sencun Zhu and Peng Liu,Proceedings of the 16th ACM Conference on Computer and Communications Security,2009,,,280--290,DOI,10.1145/1653662.1653696,https://pure.psu.edu/en/publications/behavior-based-software-theft-detection/,2026-09-24,PRIMARY_RECORD_OR_AUTHOR_ABSTRACT,FORMAL_PUBLICATION,False,LOCAL_CLAIM_REVIEWED_WITH_ACCESS_LIMIT_NOTED,No full-text reread of the entire article is claimed; support checked at the accessible abstract/record level.,47eba56f8cff1c69e08959702b88939a04d77aa4f590883d481c5f774f9fa8e7
codemark2025,CodeMark: Contextual and Natural Watermarking for Tracing Code Snippet Provenance,Wei Li and Borui Yang and Yujie Sun and Suyu Chen and Yuting Chen and Liyao Xiang,IEEE Transactions on Dependable and Secure Computing,2025,22,6,7077--7090,DOI,10.1109/TDSC.2025.3594599,https://doi.org/10.1109/TDSC.2025.3594599,2026-09-24,BIBLIOGRAPHIC_RECORD_ONLY_PRIMARY_FULLTEXT_NOT_RETRIEVED,FORMAL_PUBLICATION,False,LOCAL_CLAIM_REVIEWED_WITH_ACCESS_LIMIT_NOTED,No full-text reread of the entire article is claimed; support checked at the accessible abstract/record level.,99ada8f4c9575304a1e63f74f94733f2a164325c4702897f8277349643106917
srcmarker2024,SrcMarker: Dual-Channel Source Code Watermarking via Scalable Code Transformations,Borui Yang and Wei Li and Liyao Xiang and Bo Li,2024 IEEE Symposium on Security and Privacy,2024,,,4088--4106,DOI,10.1109/SP54263.2024.00097,https://researchportal.hkust.edu.hk/en/publications/srcmarker-dual-channel-source-code-watermarking-via-scalable-code-2/,2026-09-24,PRIMARY_RECORD_OR_AUTHOR_ABSTRACT,FORMAL_PUBLICATION,False,LOCAL_CLAIM_REVIEWED_WITH_ACCESS_LIMIT_NOTED,No full-text reread of the entire article is claimed; support checked at the accessible abstract/record level.,e743b7254e61bb86d094d0a02787a3013a8ae33774518ed7b8b367981684144c
matrix2026,MATRIX: Multi-Layer Code Watermarking via Dual-Channel Constrained Parity-Check Encoding,Yuqing Nie and Chong Wang and Guosheng Xu and Guoai Xu and Chenyu Wang and Haoyu Wang and Kailong Wang,arXiv preprint arXiv:2604.16001,2026,,,,ARXIV,2604.16001,https://arxiv.org/abs/2604.16001,2026-09-24,PRIMARY_RECORD_OR_AUTHOR_ABSTRACT,PREPRINT,False,LOCAL_CLAIM_REVIEWED_WITH_ACCESS_LIMIT_NOTED,No full-text reread of the entire article is claimed; support checked at the accessible abstract/record level.,38b3634b1f01eca70f522f527aae29951d351eafa92cc4206c0b3986c5f00074
lineagemark2026,LineageMark: Multi-User White-Box Watermarking for Contribution Tracing in Model Derivation Chains,Bingxue Zhang and Xiaofeng Xu and Feida Zhu,arXiv preprint arXiv:2606.17123,2026,,,,ARXIV,2606.17123,https://arxiv.org/abs/2606.17123,2026-09-24,PRIMARY_RECORD_OR_AUTHOR_ABSTRACT,PREPRINT,False,LOCAL_CLAIM_REVIEWED_WITH_ACCESS_LIMIT_NOTED,No full-text reread of the entire article is claimed; support checked at the accessible abstract/record level.,93fc13c12c614db108528709ecc6710539a264501f17ba8f74221da63389af6d
naturalness2016,On the Naturalness of Software,Abram Hindle and Earl T. Barr and Mark Gabel and Zhendong Su and Premkumar Devanbu,Communications of the ACM,2016,59,5,122--131,DOI,10.1145/2902362,https://doi.org/10.1145/2902362,2026-09-24,PRIMARY_RECORD_OR_AUTHOR_ABSTRACT,FORMAL_PUBLICATION,False,LOCAL_CLAIM_REVIEWED_WITH_ACCESS_LIMIT_NOTED,No full-text reread of the entire article is claimed; support checked at the accessible abstract/record level.,684f943291a45d85cf2c62f950147f58a1503e2e5794ca0a818d8c07a49827d1
decoma2025,DeCoMa: Detecting and Purifying Code Dataset Watermarks through Dual Channel Code Abstraction,Yuan Xiao and Yuchen Chen and Shiqing Ma and Haocheng Huang and Chunrong Fang and Yanwei Chen and Weisong Sun and Yunfeng Zhu and Xiaofang Zhang and Zhenyu Chen,Proceedings of the ACM on Software Engineering,2025,2,ISSTA,1701--1724,DOI,10.1145/3728952,https://doi.org/10.1145/3728952,2026-09-24,PRIMARY_RECORD_OR_AUTHOR_ABSTRACT,FORMAL_PUBLICATION,False,LOCAL_CLAIM_REVIEWED_WITH_ACCESS_LIMIT_NOTED,No full-text reread of the entire article is claimed; support checked at the accessible abstract/record level.,8bdd9d438901d4cbf649607cd7cc4546907e5277caf8e9fd575b1732f86008e3
dwc2026,Decomposition Then Watermarking: Enhancing Code Traceability with Dual-Channel Code Watermarking,Haibo Lin and Zhong Li and Ruihua Ji and Minxue Pan and Tian Zhang and Nan Wu and Xuandong Li,Automated Software Engineering,2026,33,1,,DOI,10.1007/s10515-025-00561-1,https://dblp.org/rec/journals/ase/LinLJPZWL26.html,2026-09-24,BIBLIOGRAPHIC_RECORD_ONLY_PRIMARY_FULLTEXT_NOT_RETRIEVED,FORMAL_PUBLICATION,False,LOCAL_CLAIM_REVIEWED_WITH_ACCESS_LIMIT_NOTED,"Online 2025, volume 33 issue 1 article 16 in 2026; cited issue year retained.",bcb3158c881c207dad3577618baf4b3b67d0bdc1a856ca6b016dc67ade4b76cf
dualchannel2020,A Theory of Dual Channel Constraints,Casey Casalnuovo and Earl T. Barr and Santanu Kumar Dash and Premkumar Devanbu and Emily Morgan,Proceedings of the ACM/IEEE 42nd International Conference on Software Engineering: New Ideas and Emerging Results,2020,,,25--28,DOI,10.1145/3377816.3381720,https://discovery.ucl.ac.uk/id/eprint/10092853/,2026-09-24,PRIMARY_RECORD_OR_AUTHOR_ABSTRACT,FORMAL_PUBLICATION,False,LOCAL_CLAIM_REVIEWED_WITH_ACCESS_LIMIT_NOTED,No full-text reread of the entire article is claimed; support checked at the accessible abstract/record level.,0d2fd45412b8b70a77d4a3d2a0585b1797ace670528caedfccb9f8c139f5f318
natgen2022,NatGen: Generative Pre-Training by Naturalizing Source Code,Saikat Chakraborty and Toufique Ahmed and Yangruibo Ding and Premkumar T. Devanbu and Baishakhi Ray,Proceedings of the 30th ACM Joint European Software Engineering Conference and Symposium on the Foundations of Software Engineering,2022,,,18--30,DOI,10.1145/3540250.3549162,https://github.com/saikat107/NatGen,2026-09-24,PRIMARY_RECORD_OR_AUTHOR_ABSTRACT,FORMAL_PUBLICATION,False,LOCAL_CLAIM_REVIEWED_WITH_ACCESS_LIMIT_NOTED,No full-text reread of the entire article is claimed; support checked at the accessible abstract/record level.,3aa11586bc0fa8e9c78eac46fd3d6c894dd32b3d6e36996eb040ba3295739e35
naturalattack2022,Natural Attack for Pre-Trained Models of Code,Zhou Yang and Jieke Shi and Junda He and David Lo,Proceedings of the 44th International Conference on Software Engineering,2022,,,1482--1493,DOI,10.1145/3510003.3510146,https://ink.library.smu.edu.sg/sis_research/7654/,2026-09-24,PRIMARY_RECORD_OR_AUTHOR_ABSTRACT,FORMAL_PUBLICATION,False,LOCAL_CLAIM_REVIEWED_WITH_ACCESS_LIMIT_NOTED,No full-text reread of the entire article is claimed; support checked at the accessible abstract/record level.,36422d5a16d4e02325d90b6dc4f2c72d6b5ce61b449e0865e2aa38a447d732f6
ropgen2022,RoPGen: Towards Robust Code Authorship Attribution via Automatic Coding Style Transformation,Zhen Li and Guenevere Qian Chen and Chen Chen and Yayi Zou and Shouhuai Xu,Proceedings of the 44th International Conference on Software Engineering,2022,,,1906--1918,DOI,10.1145/3510003.3510181,https://doi.org/10.1145/3510003.3510181,2026-09-24,BIBLIOGRAPHIC_RECORD_ONLY_PRIMARY_FULLTEXT_NOT_RETRIEVED,FORMAL_PUBLICATION,False,LOCAL_CLAIM_REVIEWED_WITH_ACCESS_LIMIT_NOTED,No full-text reread of the entire article is claimed; support checked at the accessible abstract/record level.,34f8f5310a485f7ca3cac773bcf1622914a466528e4ac50e945638c9dc78c7e2
rosemary2025,Robust and Secure Code Watermarking for Large Language Models via ML/Crypto Codesign,Ruisi Zhang and Neusha Javidnia and Nojan Sheybani and Farinaz Koushanfar,arXiv preprint arXiv:2502.02068,2025,,,,ARXIV,2502.02068,https://arxiv.org/abs/2502.02068,2026-09-24,PRIMARY_RECORD_OR_AUTHOR_ABSTRACT,PREPRINT,False,LOCAL_CLAIM_REVIEWED_WITH_ACCESS_LIMIT_NOTED,No full-text reread of the entire article is claimed; support checked at the accessible abstract/record level.,30a23658d12f76a6ca4fde71b71fb7ca8abbacafb88c64b3fbdefbbd2a2ee6cd
intoto2019,in-toto: Providing Farm-to-Table Guarantees for Bits and Bytes,Santiago Torres-Arias and Hammad Afzali and Trishank Karthik Kuppusamy and Reza Curtmola and Justin Cappos,28th USENIX Security Symposium,2019,,,1393--1410,SCHOLARLY_RECORD,torres-arias,https://www.usenix.org/conference/usenixsecurity19/presentation/torres-arias,2026-09-24,PRIMARY_RECORD_OR_AUTHOR_ABSTRACT,FORMAL_PUBLICATION,False,LOCAL_CLAIM_REVIEWED_WITH_ACCESS_LIMIT_NOTED,No full-text reread of the entire article is claimed; support checked at the accessible abstract/record level.,ae70ca1736ef1670f664a1f46f84c887a60d39ec0715a8b29ec86d983801baa5
tuf2010,Survivable Key Compromise in Software Update Systems,Justin Samuel and Nick Mathewson and Justin Cappos and Roger Dingledine,Proceedings of the 17th ACM Conference on Computer and Communications Security,2010,,,61--72,DOI,10.1145/1866307.1866315,https://dblp.org/rec/conf/ccs/SamuelMCD10.html,2026-09-24,BIBLIOGRAPHIC_RECORD_ONLY_PRIMARY_FULLTEXT_NOT_RETRIEVED,FORMAL_PUBLICATION,False,LOCAL_CLAIM_REVIEWED_WITH_ACCESS_LIMIT_NOTED,No full-text reread of the entire article is claimed; support checked at the accessible abstract/record level.,2e944944d54e36f6788eb7134f9d59125df8e1b8634ea2f62d9867f7a67bedfb
sigstore2022,Sigstore: Software Signing for Everybody,Zachary Newman and John Speed Meyers and Santiago Torres-Arias,Proceedings of the 2022 ACM SIGSAC Conference on Computer and Communications Security,2022,,,2353--2367,DOI,10.1145/3548606.3560596,https://dblp.org/rec/conf/ccs/NewmanMT22.html,2026-09-24,BIBLIOGRAPHIC_RECORD_ONLY_PRIMARY_FULLTEXT_NOT_RETRIEVED,FORMAL_PUBLICATION,False,LOCAL_CLAIM_REVIEWED_WITH_ACCESS_LIMIT_NOTED,No full-text reread of the entire article is claimed; support checked at the accessible abstract/record level.,9e0d6c087ffbcd65a6a818f25dd5b1d81af3933aa5b8fe527320f9ac59b328b4
chainiac2017,CHAINIAC: Proactive Software-Update Transparency via Collectively Signed Skipchains and Verified Builds,Kirill Nikitin and Eleftherios Kokoris-Kogias and Philipp Jovanovic and Nicolas Gailly and Linus Gasser and Ismail Khoffi and Justin Cappos and Bryan Ford,26th USENIX Security Symposium,2017,,,1271--1287,SCHOLARLY_RECORD,nikitin,https://www.usenix.org/conference/usenixsecurity17/technical-sessions/presentation/nikitin,2026-09-24,PRIMARY_RECORD_OR_AUTHOR_ABSTRACT,FORMAL_PUBLICATION,False,LOCAL_CLAIM_REVIEWED_WITH_ACCESS_LIMIT_NOTED,No full-text reread of the entire article is claimed; support checked at the accessible abstract/record level.,ce3fa59b0a41bd02d25018de38039449c5f9e2b2bf878679507c48a6ba0a759e
diplomat2016,Diplomat: Using Delegations to Protect Community Repositories,Trishank Karthik Kuppusamy and Santiago Torres-Arias and Vladimir Diaz and Justin Cappos,13th USENIX Symposium on Networked Systems Design and Implementation,2016,,,567--581,SCHOLARLY_RECORD,NSDI16:Kuppusamy,https://www.usenix.org/conference/nsdi16/technical-sessions/presentation/kuppusamy,2026-09-24,PRIMARY_RECORD_OR_AUTHOR_ABSTRACT,FORMAL_PUBLICATION,False,LOCAL_CLAIM_REVIEWED_WITH_ACCESS_LIMIT_NOTED,No full-text reread of the entire article is claimed; support checked at the accessible abstract/record level.,43861bef4c790765ed9a4de054bbaddc7e21cce11d0513e23cbba82ccc92947d
mercury2017,Mercury: Bandwidth-Effective Prevention of Rollback Attacks Against Community Repositories,Trishank Karthik Kuppusamy and Vladimir Diaz and Justin Cappos,2017 USENIX Annual Technical Conference,2017,,,673--688,SCHOLARLY_RECORD,ATC17:Kuppusamy,https://www.usenix.org/conference/atc17/technical-sessions/presentation/kuppusamy,2026-09-24,PRIMARY_RECORD_OR_AUTHOR_ABSTRACT,FORMAL_PUBLICATION,False,LOCAL_CLAIM_REVIEWED_WITH_ACCESS_LIMIT_NOTED,No full-text reread of the entire article is claimed; support checked at the accessible abstract/record level.,32ab7c6eeef20f11d3fa004cb197a7b4a2418e23a04970dca31ed0c3cf865a6e
legitimate2018,le-git-imate: Towards Verifiable Web-Based Git Repositories,Hammad Afzali and Santiago Torres-Arias and Reza Curtmola and Justin Cappos,Proceedings of the 2018 ACM Asia Conference on Computer and Communications Security,2018,,,469--482,DOI,10.1145/3196494.3196523,https://researchwith.njit.edu/en/publications/le-git-imate-towards-verifiable-web-based-git-repositories/,2026-09-24,PRIMARY_RECORD_OR_AUTHOR_ABSTRACT,FORMAL_PUBLICATION,False,LOCAL_CLAIM_REVIEWED_WITH_ACCESS_LIMIT_NOTED,No full-text reread of the entire article is claimed; support checked at the accessible abstract/record level.,1f6facb1814d56fbb69c96e355896b77392f4037847b533b07b6a040f9a24c5a
contour2018,Contour: A Practical System for Binary Transparency,Mustafa Al-Bassam and Sarah Meiklejohn,"Data Privacy Management, Cryptocurrencies and Blockchain Technology",2018,,,94--110,DOI,10.1007/978-3-030-00305-0_8,https://discovery.ucl.ac.uk/id/eprint/10055894/,2026-09-24,PRIMARY_RECORD_OR_AUTHOR_ABSTRACT,FORMAL_PUBLICATION,False,LOCAL_CLAIM_REVIEWED_WITH_ACCESS_LIMIT_NOTED,No full-text reread of the entire article is claimed; support checked at the accessible abstract/record level.,4994b4df59a228316b222e9c4e70d59e7ccdbc2186ce30143b5eddfb24c6a88a
coniks2015,CONIKS: Bringing Key Transparency to End Users,Marcela S. Melara and Aaron Blankstein and Joseph Bonneau and Edward W. Felten and Michael J. Freedman,24th USENIX Security Symposium,2015,,,383--398,SCHOLARLY_RECORD,melara,https://www.usenix.org/conference/usenixsecurity15/technical-sessions/presentation/melara,2026-09-24,PRIMARY_RECORD_OR_AUTHOR_ABSTRACT,FORMAL_PUBLICATION,False,LOCAL_CLAIM_REVIEWED_WITH_ACCESS_LIMIT_NOTED,No full-text reread of the entire article is claimed; support checked at the accessible abstract/record level.,c8458eddf7562c43fd648ded8c5d66ab2869c346deb9ff182c855d111a40c338
sok2023,SoK: Taxonomy of Attacks on Open-Source Software Supply Chains,Piergiorgio Ladisa and Henrik Plate and Matias Martinez and Olivier Barais,2023 IEEE Symposium on Security and Privacy,2023,,,1509--1526,DOI,10.1109/SP46215.2023.10179304,https://ieeexplore.ieee.org/document/10179304/,2026-09-24,PRIMARY_RECORD_OR_AUTHOR_ABSTRACT,FORMAL_PUBLICATION,False,LOCAL_CLAIM_REVIEWED_WITH_ACCESS_LIMIT_NOTED,No full-text reread of the entire article is claimed; support checked at the accessible abstract/record level.,7c6c2749397ebb14346b8f2c44213c7df2f83dcfe7d4871c0626fffe57fc7570
backstabber2020,Backstabber's Knife Collection: A Review of Open Source Software Supply Chain Attacks,Marc Ohm and Henrik Plate and Arnold Sykosch and Michael Meier,"Detection of Intrusions and Malware, and Vulnerability Assessment",2020,,,23--43,DOI,10.1007/978-3-030-52683-2_2,https://dblp.org/rec/conf/dimva/OhmPS020,2026-09-24,BIBLIOGRAPHIC_RECORD_ONLY_PRIMARY_FULLTEXT_NOT_RETRIEVED,FORMAL_PUBLICATION,False,LOCAL_CLAIM_REVIEWED_WITH_ACCESS_LIMIT_NOTED,No full-text reread of the entire article is claimed; support checked at the accessible abstract/record level.,c26dee49dfc87d42f803b5e3daa472a7f15d523ced4582ffc8b4227ea0c97fcd
smallworld2019,Small World with High Risks: A Study of Security Threats in the npm Ecosystem,Markus Zimmermann and Cristian-Alexandru Staicu and Cam Tenny and Michael Pradel,28th USENIX Security Symposium,2019,,,995--1010,SCHOLARLY_RECORD,zimmerman,https://www.usenix.org/conference/usenixsecurity19/presentation/zimmerman,2026-09-24,PRIMARY_RECORD_OR_AUTHOR_ABSTRACT,FORMAL_PUBLICATION,False,LOCAL_CLAIM_REVIEWED_WITH_ACCESS_LIMIT_NOTED,No full-text reread of the entire article is claimed; support checked at the accessible abstract/record level.,ba755b289523d4703e88e42f05dbabb2c3865bccdb6173ce3b0567e5ac02b8d9
packagemanagers2021,Towards Measuring Supply Chain Attacks on Package Managers for Interpreted Languages,Ruian Duan and Omar Alrawi and Ranjita Pai Kasturi and Ryan Elder and Brendan Saltaformaggio and Wenke Lee,Network and Distributed System Security Symposium,2021,,,,DOI,10.14722/ndss.2021.23055,https://www.ndss-symposium.org/wp-content/uploads/ndss2021_1B-1_23055_paper.pdf,2026-09-24,PRIMARY_RECORD_OR_AUTHOR_ABSTRACT,FORMAL_PUBLICATION,False,LOCAL_CLAIM_REVIEWED_WITH_ACCESS_LIMIT_NOTED,Official NDSS first page inspected; DOI confirmed in footer despite DBLP omitting DOI.,654df6f217d7b30d80054acd552d38fdb21d5d81934ef7884bbcc826722618f3
lastpymile2021,LastPyMile: Identifying the Discrepancy Between Sources and Packages,Duc Ly Vu and Fabio Massacci and Ivan Pashchenko and Henrik Plate and Antonino Sabetta,Proceedings of the 29th ACM Joint European Software Engineering Conference and Symposium on the Foundations of Software Engineering,2021,,,780--792,DOI,10.1145/3468264.3468592,https://2021.esec-fse.org/details/fse-2021-papers/61/LastPyMile-Identifying-the-Discrepancy-between-Sources-and-Packages,2026-09-24,PRIMARY_RECORD_OR_AUTHOR_ABSTRACT,FORMAL_PUBLICATION,False,LOCAL_CLAIM_REVIEWED_WITH_ACCESS_LIMIT_NOTED,No full-text reread of the entire article is claimed; support checked at the accessible abstract/record level.,a581d79daa574398a6ddcb742419c5d20bfc4f955a673b58efa3c4cad85298bd
reproduciblebuilds2022,Reproducible Builds: Increasing the Integrity of Software Supply Chains,Chris Lamb and Stefano Zacchiroli,IEEE Software,2022,39,2,62--70,DOI,10.1109/MS.2021.3073045,https://researchportal.ip-paris.fr/fr/publications/reproducible-builds-increasing-the-integrity-of-software-supply-c/,2026-09-24,PRIMARY_RECORD_OR_AUTHOR_ABSTRACT,FORMAL_PUBLICATION,False,LOCAL_CLAIM_REVIEWED_WITH_ACCESS_LIMIT_NOTED,No full-text reread of the entire article is claimed; support checked at the accessible abstract/record level.,a38d9ad6835cbf838953a568198b599095e3de73ee112a1243230d0ce5b2ca10
diversecompile2005,Countering Trusting Trust through Diverse Double-Compiling,David A. Wheeler,Proceedings of the 21st Annual Computer Security Applications Conference,2005,,,28--40,DOI,10.1109/CSAC.2005.17,https://dwheeler.com/trusting-trust/,2026-09-24,PRIMARY_RECORD_OR_AUTHOR_ABSTRACT,FORMAL_PUBLICATION,False,LOCAL_CLAIM_REVIEWED_WITH_ACCESS_LIMIT_NOTED,No full-text reread of the entire article is claimed; support checked at the accessible abstract/record level.,c97b6dd3805329b7e272c7e87f80f94b9b0c9884923894edb44fa7ab357bffb8
compcert2006,"Formal Certification of a Compiler Back-End, or: Programming a Compiler with a Proof Assistant",Xavier Leroy,Proceedings of the 33rd ACM SIGPLAN-SIGACT Symposium on Principles of Programming Languages,2006,,,42--54,DOI,10.1145/1111037.1111042,https://xavierleroy.org/bibrefs/leroy_bib.html,2026-09-24,PRIMARY_RECORD_OR_AUTHOR_ABSTRACT,FORMAL_PUBLICATION,False,LOCAL_CLAIM_REVIEWED_WITH_ACCESS_LIMIT_NOTED,No full-text reread of the entire article is claimed; support checked at the accessible abstract/record level.,32c1670aa55e67722021e1e9cde162dadba2d7e669998de9831902adb7f03ae6
translationvalidation2000,Translation Validation for an Optimizing Compiler,George C. Necula,Proceedings of the ACM SIGPLAN 2000 Conference on Programming Language Design and Implementation,2000,,,83--94,DOI,10.1145/349299.349314,https://doi.org/10.1145/349299.349314,2026-09-24,BIBLIOGRAPHIC_RECORD_ONLY_PRIMARY_FULLTEXT_NOT_RETRIEVED,FORMAL_PUBLICATION,False,LOCAL_CLAIM_REVIEWED_WITH_ACCESS_LIMIT_NOTED,No full-text reread of the entire article is claimed; support checked at the accessible abstract/record level.,d1cf2036f74e1b68bc8a542f30d903868f9a8fab255743969fae53d7f5a16160
pcc1997,Proof-Carrying Code,George C. Necula,Proceedings of the 24th ACM SIGPLAN-SIGACT Symposium on Principles of Programming Languages,1997,,,106--119,DOI,10.1145/263699.263712,https://doi.org/10.1145/263699.263712,2026-09-24,PRIMARY_RECORD_OR_AUTHOR_ABSTRACT,FORMAL_PUBLICATION,False,LOCAL_CLAIM_REVIEWED_WITH_ACCESS_LIMIT_NOTED,No full-text reread of the entire article is claimed; support checked at the accessible abstract/record level.,0fb444c886eb6ca06227c6ce380029dbedec65bee8e5a9a89cf9901b3096389b
camflow2017,Practical Whole-System Provenance Capture,Thomas F. J.-M. Pasquier and Xueyuan Han and Mark Goldstein and Thomas Moyer and David Eyers and Margo Seltzer and Jean Bacon,Proceedings of the 2017 Symposium on Cloud Computing,2017,,,405--418,DOI,10.1145/3127479.3129249,https://tfjmp.org/publication/2017-socc/,2026-09-24,PRIMARY_RECORD_OR_AUTHOR_ABSTRACT,FORMAL_PUBLICATION,False,LOCAL_CLAIM_REVIEWED_WITH_ACCESS_LIMIT_NOTED,No full-text reread of the entire article is claimed; support checked at the accessible abstract/record level.,faaccd6e41cc5564a183b3ee2686f185b84ce5cf7d4cd65fdac5e1a600c107b2
datalineage2016,Data Lineage in Malicious Environments,Michael Backes and Niklas Grimm and Aniket Kate,IEEE Transactions on Dependable and Secure Computing,2016,13,2,178--191,DOI,10.1109/TDSC.2015.2399296,https://ieeexplore.ieee.org/abstract/document/7029631,2026-09-24,PRIMARY_RECORD_OR_AUTHOR_ABSTRACT,FORMAL_PUBLICATION,False,LOCAL_CLAIM_REVIEWED_WITH_ACCESS_LIMIT_NOTED,No full-text reread of the entire article is claimed; support checked at the accessible abstract/record level.,2453ee24ae7bf4d6f63c6a34476c8400f2ce45549cf976cf8156abb7eb227376
sgxsupply2022,Malware in the SGX Supply Chain: Be Careful When Signing Enclaves!,Vlad Craciun and Pascal Felber and Andrei Mogage and Emanuel Onica and Rafael Pires,IEEE Transactions on Dependable and Secure Computing,2022,19,2,924--935,DOI,10.1109/TDSC.2020.3024562,https://arxiv.org/abs/1907.05096,2026-09-24,PRIMARY_RECORD_OR_AUTHOR_ABSTRACT,FORMAL_PUBLICATION,False,LOCAL_CLAIM_REVIEWED_WITH_ACCESS_LIMIT_NOTED,No full-text reread of the entire article is claimed; support checked at the accessible abstract/record level.,3f6e6ae618a8265fa5f4f6d47763823e7f03ed030c7b6d1f5291778bd1db35a4
authcontradictions2026,Authenticated Contradictions from Desynchronized Provenance and Watermarking,Alexander Nemecek and Hengzhi He and Guang Cheng and Erman Ayday,arXiv preprint arXiv:2603.02378,2026,,,,ARXIV,2603.02378,https://arxiv.org/abs/2603.02378,2026-09-24,PRIMARY_RECORD_OR_AUTHOR_ABSTRACT,PREPRINT,False,LOCAL_CLAIM_REVIEWED_WITH_ACCESS_LIMIT_NOTED,Cited arXiv version; author comment reports acceptance at CVPR 2026 APAI workshop. Not labelled wholly unreviewed.,8e78568436012c3c6b69e6b1804a4a4ae297396b9d7e6b1f1efc2c56ad613584
shamir1979,How to Share a Secret,Adi Shamir,Communications of the ACM,1979,22,11,612--613,DOI,10.1145/359168.359176,https://cir.nii.ac.jp/crid/1362825895537767808,2026-09-24,BIBLIOGRAPHIC_RECORD_ONLY_PRIMARY_FULLTEXT_NOT_RETRIEVED,FORMAL_PUBLICATION,False,LOCAL_CLAIM_REVIEWED_WITH_ACCESS_LIMIT_NOTED,No full-text reread of the entire article is claimed; support checked at the accessible abstract/record level.,19232af993f7a9fbbd1dd15e502a2696410d8a2ba3ebfad1e987d470212850fe
heapgraph2013,Heap Graph Based Software Theft Detection,Patrick P. F. Chan and Lucas Chi Kwong Hui and Siu-Ming Yiu,IEEE Transactions on Information Forensics and Security,2013,8,1,101--110,DOI,10.1109/TIFS.2012.2223685,https://doi.org/10.1109/TIFS.2012.2223685,2026-09-24,BIBLIOGRAPHIC_RECORD_ONLY_PRIMARY_FULLTEXT_NOT_RETRIEVED,FORMAL_PUBLICATION,False,LOCAL_CLAIM_REVIEWED_WITH_ACCESS_LIMIT_NOTED,No full-text reread of the entire article is claimed; support checked at the accessible abstract/record level.,ab97a99639b42d8b5755c94a7ecfd319be71b9acab7da087603dad80f2f6fce2
authorshipattack2021,A Practical Black-Box Attack on Source Code Authorship Identification Classifiers,Qianjun Liu and Shouling Ji and Changchang Liu and Chunming Wu,IEEE Transactions on Information Forensics and Security,2021,16,,3620--3633,DOI,10.1109/TIFS.2021.3080507,https://dblp.org/rec/journals/tifs/LiuJLW21.html,2026-09-24,BIBLIOGRAPHIC_RECORD_ONLY_PRIMARY_FULLTEXT_NOT_RETRIEVED,FORMAL_PUBLICATION,False,LOCAL_CLAIM_REVIEWED_WITH_ACCESS_LIMIT_NOTED,No full-text reread of the entire article is claimed; support checked at the accessible abstract/record level.,d3dd92823426cbf9734e4626edf46b200730b6a879a7b1ca09934686f41ee953
