configuration,attack,required_safeguard,attack_succeeds,observation
detached_records,delete_trace,one_copy_removal,True,designated safeguard absent
detached_records,transplant_trace,host_binding,True,designated safeguard absent
detached_records,replay_under_other_tip,tip_binding,True,designated safeguard absent
detached_records,adaptive_key_forgery,key_isolation,False,designated safeguard present
detached_records,two_copy_cancellation,collusion_robustness,True,designated safeguard absent
detached_records,parent_free_splice,parent_links,False,designated safeguard present
host_bound_owner_mark,delete_trace,one_copy_removal,True,designated safeguard absent
host_bound_owner_mark,transplant_trace,host_binding,False,designated safeguard present
host_bound_owner_mark,replay_under_other_tip,tip_binding,True,designated safeguard absent
host_bound_owner_mark,adaptive_key_forgery,key_isolation,True,designated safeguard absent
host_bound_owner_mark,two_copy_cancellation,collusion_robustness,True,designated safeguard absent
host_bound_owner_mark,parent_free_splice,parent_links,False,designated safeguard present
signed_owner_mark,delete_trace,one_copy_removal,False,designated safeguard present
signed_owner_mark,transplant_trace,host_binding,False,designated safeguard present
signed_owner_mark,replay_under_other_tip,tip_binding,True,designated safeguard absent
signed_owner_mark,adaptive_key_forgery,key_isolation,True,designated safeguard absent
signed_owner_mark,two_copy_cancellation,collusion_robustness,True,designated safeguard absent
signed_owner_mark,parent_free_splice,parent_links,False,designated safeguard present
context_mark_without_parents,delete_trace,one_copy_removal,False,designated safeguard present
context_mark_without_parents,transplant_trace,host_binding,False,designated safeguard present
context_mark_without_parents,replay_under_other_tip,tip_binding,False,designated safeguard present
context_mark_without_parents,adaptive_key_forgery,key_isolation,False,designated safeguard present
context_mark_without_parents,two_copy_cancellation,collusion_robustness,False,designated safeguard present
context_mark_without_parents,parent_free_splice,parent_links,True,designated safeguard absent
complete,delete_trace,one_copy_removal,False,designated safeguard present
complete,transplant_trace,host_binding,False,designated safeguard present
complete,replay_under_other_tip,tip_binding,False,designated safeguard present
complete,adaptive_key_forgery,key_isolation,False,designated safeguard present
complete,two_copy_cancellation,collusion_robustness,False,designated safeguard present
complete,parent_free_splice,parent_links,False,designated safeguard present
