chain_length,elapsed_us,sample_index,sample_kind
1,980.738,0,validated_tip_end_to_end
1,942.59,0,validated_tip_append_only
1,36.495,0,validated_tip_snapshot_export
1,353.212,0,verify_distinct_session_export
1,10.065,0,serialize_distinct_session_export
1,860.456,1,validated_tip_end_to_end
1,822.369,1,validated_tip_append_only
1,37.066,1,validated_tip_snapshot_export
1,512.051,1,verify_distinct_session_export
1,10.556,1,serialize_distinct_session_export
1,698.363,2,validated_tip_end_to_end
1,659.794,2,validated_tip_append_only
1,37.797,2,validated_tip_snapshot_export
1,317.108,2,verify_distinct_session_export
1,9.104,2,serialize_distinct_session_export
1,695.507,3,validated_tip_end_to_end
1,642.498,3,validated_tip_append_only
1,52.389,3,validated_tip_snapshot_export
1,375.075,3,verify_distinct_session_export
1,9.715,3,serialize_distinct_session_export
1,746.825,4,validated_tip_end_to_end
1,709.919,4,validated_tip_append_only
1,36.084,4,validated_tip_snapshot_export
1,301.003,4,verify_distinct_session_export
1,9.484,4,serialize_distinct_session_export
1,690.921,5,validated_tip_end_to_end
1,654.856,5,validated_tip_append_only
1,35.403,5,validated_tip_snapshot_export
1,336.316,5,verify_distinct_session_export
1,9.274,5,serialize_distinct_session_export
1,694.326,6,validated_tip_end_to_end
1,657.29,6,validated_tip_append_only
1,36.324,6,validated_tip_snapshot_export
1,298.29,6,verify_distinct_session_export
1,9.675,6,serialize_distinct_session_export
1,708.107,7,validated_tip_end_to_end
1,667.606,7,validated_tip_append_only
1,39.61,7,validated_tip_snapshot_export
1,291.92,7,verify_distinct_session_export
1,9.004,7,serialize_distinct_session_export
1,680.425,8,validated_tip_end_to_end
1,643.689,8,validated_tip_append_only
1,36.044,8,validated_tip_snapshot_export
1,305.861,8,verify_distinct_session_export
1,9.093,8,serialize_distinct_session_export
1,666.785,9,validated_tip_end_to_end
1,631.191,9,validated_tip_append_only
1,35.063,9,validated_tip_snapshot_export
1,313.342,9,verify_distinct_session_export
1,9.214,9,serialize_distinct_session_export
1,735.157,10,validated_tip_end_to_end
1,698.842,10,validated_tip_append_only
1,35.694,10,validated_tip_snapshot_export
1,297.097,10,verify_distinct_session_export
1,8.874,10,serialize_distinct_session_export
1,692.593,11,validated_tip_end_to_end
1,656.058,11,validated_tip_append_only
1,35.854,11,validated_tip_snapshot_export
1,289.136,11,verify_distinct_session_export
1,8.763,11,serialize_distinct_session_export
1,693.345,12,validated_tip_end_to_end
1,656.589,12,validated_tip_append_only
1,36.164,12,validated_tip_snapshot_export
1,290.788,12,verify_distinct_session_export
1,8.583,12,serialize_distinct_session_export
1,692.543,13,validated_tip_end_to_end
1,655.708,13,validated_tip_append_only
1,36.215,13,validated_tip_snapshot_export
1,314.114,13,verify_distinct_session_export
1,8.754,13,serialize_distinct_session_export
1,694.636,14,validated_tip_end_to_end
1,657.44,14,validated_tip_append_only
1,36.646,14,validated_tip_snapshot_export
1,291.189,14,verify_distinct_session_export
1,8.873,14,serialize_distinct_session_export
1,698.552,15,validated_tip_end_to_end
1,661.386,15,validated_tip_append_only
1,36.696,15,validated_tip_snapshot_export
1,287.924,15,verify_distinct_session_export
1,8.593,15,serialize_distinct_session_export
1,689.529,16,validated_tip_end_to_end
1,652.674,16,validated_tip_append_only
1,36.255,16,validated_tip_snapshot_export
1,312.44,16,verify_distinct_session_export
1,8.593,16,serialize_distinct_session_export
1,685.041,17,validated_tip_end_to_end
1,646.774,17,validated_tip_append_only
1,37.556,17,validated_tip_snapshot_export
1,309.546,17,verify_distinct_session_export
1,9.204,17,serialize_distinct_session_export
1,670.73,18,validated_tip_end_to_end
1,634.345,18,validated_tip_append_only
1,35.904,18,validated_tip_snapshot_export
1,309.967,18,verify_distinct_session_export
1,8.553,18,serialize_distinct_session_export
1,1095.531,19,validated_tip_end_to_end
1,1057.103,19,validated_tip_append_only
1,37.556,19,validated_tip_snapshot_export
1,337.067,19,verify_distinct_session_export
1,9.885,19,serialize_distinct_session_export
1,679.143,20,validated_tip_end_to_end
1,642.768,20,validated_tip_append_only
1,35.804,20,validated_tip_snapshot_export
1,388.425,20,verify_distinct_session_export
1,9.465,20,serialize_distinct_session_export
1,716.169,21,validated_tip_end_to_end
1,674.146,21,validated_tip_append_only
1,41.403,21,validated_tip_snapshot_export
1,302.365,21,verify_distinct_session_export
1,9.465,21,serialize_distinct_session_export
1,708.767,22,validated_tip_end_to_end
1,672.472,22,validated_tip_append_only
1,35.684,22,validated_tip_snapshot_export
1,316.607,22,verify_distinct_session_export
1,9.745,22,serialize_distinct_session_export
1,692.092,23,validated_tip_end_to_end
1,654.666,23,validated_tip_append_only
1,36.936,23,validated_tip_snapshot_export
1,308.234,23,verify_distinct_session_export
1,9.164,23,serialize_distinct_session_export
1,672.903,24,validated_tip_end_to_end
1,636.589,24,validated_tip_append_only
1,35.834,24,validated_tip_snapshot_export
1,307.383,24,verify_distinct_session_export
1,8.573,24,serialize_distinct_session_export
1,679.273,25,validated_tip_end_to_end
1,642.678,25,validated_tip_append_only
1,36.015,25,validated_tip_snapshot_export
1,292.421,25,verify_distinct_session_export
1,9.063,25,serialize_distinct_session_export
1,714.046,26,validated_tip_end_to_end
1,678.592,26,validated_tip_append_only
1,34.832,26,validated_tip_snapshot_export
1,292.21,26,verify_distinct_session_export
1,8.933,26,serialize_distinct_session_export
1,685.402,27,validated_tip_end_to_end
1,649.037,27,validated_tip_append_only
1,35.804,27,validated_tip_snapshot_export
1,285.841,27,verify_distinct_session_export
1,8.472,27,serialize_distinct_session_export
1,669.268,28,validated_tip_end_to_end
1,633.184,28,validated_tip_append_only
1,35.544,28,validated_tip_snapshot_export
1,307.613,28,verify_distinct_session_export
1,13.17,28,serialize_distinct_session_export
1,748.328,29,validated_tip_end_to_end
1,712.243,29,validated_tip_append_only
1,35.423,29,validated_tip_snapshot_export
1,297.098,29,verify_distinct_session_export
1,9.214,29,serialize_distinct_session_export
1,693.204,30,validated_tip_end_to_end
1,653.494,30,validated_tip_append_only
1,39.139,30,validated_tip_snapshot_export
1,289.817,30,verify_distinct_session_export
1,8.694,30,serialize_distinct_session_export
1,552.252,0,full_prefix_replay_end_to_end
1,541.445,1,full_prefix_replay_end_to_end
1,554.866,2,full_prefix_replay_end_to_end
1,542.687,3,full_prefix_replay_end_to_end
1,534.926,4,full_prefix_replay_end_to_end
1,596.579,5,full_prefix_replay_end_to_end
1,533.163,6,full_prefix_replay_end_to_end
2,1747.692,0,validated_tip_end_to_end
2,1703.356,0,validated_tip_append_only
2,42.554,0,validated_tip_snapshot_export
2,760.335,0,verify_distinct_session_export
2,17.076,0,serialize_distinct_session_export
2,1555.243,1,validated_tip_end_to_end
2,1511.176,1,validated_tip_append_only
2,42.885,1,validated_tip_snapshot_export
2,484.46,1,verify_distinct_session_export
2,26.21,1,serialize_distinct_session_export
2,1415.342,2,validated_tip_end_to_end
2,1372.558,2,validated_tip_append_only
2,41.953,2,validated_tip_snapshot_export
2,443.107,2,verify_distinct_session_export
2,15.734,2,serialize_distinct_session_export
2,1480.55,3,validated_tip_end_to_end
2,1437.806,3,validated_tip_append_only
2,41.633,3,validated_tip_snapshot_export
2,445.151,3,verify_distinct_session_export
2,15.453,3,serialize_distinct_session_export
2,1341.21,4,validated_tip_end_to_end
2,1297.674,4,validated_tip_append_only
2,42.524,4,validated_tip_snapshot_export
2,436.808,4,verify_distinct_session_export
2,15.373,4,serialize_distinct_session_export
2,1367.991,5,validated_tip_end_to_end
2,1326.288,5,validated_tip_append_only
2,40.941,5,validated_tip_snapshot_export
2,441.224,5,verify_distinct_session_export
2,15.143,5,serialize_distinct_session_export
2,1341.631,6,validated_tip_end_to_end
2,1298.405,6,validated_tip_append_only
2,42.584,6,validated_tip_snapshot_export
2,439.713,6,verify_distinct_session_export
2,15.493,6,serialize_distinct_session_export
2,1355.462,7,validated_tip_end_to_end
2,1312.417,7,validated_tip_append_only
2,42.343,7,validated_tip_snapshot_export
2,438.821,7,verify_distinct_session_export
2,15.824,7,serialize_distinct_session_export
2,1352.467,8,validated_tip_end_to_end
2,1307.8,8,validated_tip_append_only
2,44.076,8,validated_tip_snapshot_export
2,435.667,8,verify_distinct_session_export
2,15.453,8,serialize_distinct_session_export
2,1376.423,9,validated_tip_end_to_end
2,1320.279,9,validated_tip_append_only
2,55.483,9,validated_tip_snapshot_export
2,419.843,9,verify_distinct_session_export
2,14.922,9,serialize_distinct_session_export
2,1363.414,10,validated_tip_end_to_end
2,1303.894,10,validated_tip_append_only
2,58.918,10,validated_tip_snapshot_export
2,418.23,10,verify_distinct_session_export
2,14.972,10,serialize_distinct_session_export
2,1382.002,11,validated_tip_end_to_end
2,1340.049,11,validated_tip_append_only
2,41.373,11,validated_tip_snapshot_export
2,422.937,11,verify_distinct_session_export
2,14.792,11,serialize_distinct_session_export
2,1363.514,12,validated_tip_end_to_end
2,1321.12,12,validated_tip_append_only
2,41.743,12,validated_tip_snapshot_export
2,419.932,12,verify_distinct_session_export
2,14.803,12,serialize_distinct_session_export
2,1390.264,13,validated_tip_end_to_end
2,1348.582,13,validated_tip_append_only
2,40.782,13,validated_tip_snapshot_export
2,423.648,13,verify_distinct_session_export
2,15.053,13,serialize_distinct_session_export
2,1353.919,14,validated_tip_end_to_end
2,1311.616,14,validated_tip_append_only
2,41.643,14,validated_tip_snapshot_export
2,417.72,14,verify_distinct_session_export
2,14.843,14,serialize_distinct_session_export
2,1396.343,15,validated_tip_end_to_end
2,1353.699,15,validated_tip_append_only
2,41.933,15,validated_tip_snapshot_export
2,418.521,15,verify_distinct_session_export
2,15.043,15,serialize_distinct_session_export
2,1359.077,16,validated_tip_end_to_end
2,1315.281,16,validated_tip_append_only
2,43.055,16,validated_tip_snapshot_export
2,416.257,16,verify_distinct_session_export
2,14.853,16,serialize_distinct_session_export
2,1368.061,17,validated_tip_end_to_end
2,1326.348,17,validated_tip_append_only
2,40.751,17,validated_tip_snapshot_export
2,423.287,17,verify_distinct_session_export
2,15.073,17,serialize_distinct_session_export
2,1445.067,18,validated_tip_end_to_end
2,1403.554,18,validated_tip_append_only
2,40.721,18,validated_tip_snapshot_export
2,417.829,18,verify_distinct_session_export
2,15.333,18,serialize_distinct_session_export
2,1358.957,19,validated_tip_end_to_end
2,1317.345,19,validated_tip_append_only
2,40.891,19,validated_tip_snapshot_export
2,418.771,19,verify_distinct_session_export
2,14.982,19,serialize_distinct_session_export
2,1332.567,20,validated_tip_end_to_end
2,1291.415,20,validated_tip_append_only
2,40.531,20,validated_tip_snapshot_export
2,413.694,20,verify_distinct_session_export
2,15.092,20,serialize_distinct_session_export
2,1370.355,21,validated_tip_end_to_end
2,1327.45,21,validated_tip_append_only
2,42.283,21,validated_tip_snapshot_export
2,435.396,21,verify_distinct_session_export
2,15.162,21,serialize_distinct_session_export
2,1342.802,22,validated_tip_end_to_end
2,1300.679,22,validated_tip_append_only
2,41.442,22,validated_tip_snapshot_export
2,440.524,22,verify_distinct_session_export
2,14.963,22,serialize_distinct_session_export
2,1364.525,23,validated_tip_end_to_end
2,1322.963,23,validated_tip_append_only
2,40.852,23,validated_tip_snapshot_export
2,435.116,23,verify_distinct_session_export
2,15.112,23,serialize_distinct_session_export
2,1332.817,24,validated_tip_end_to_end
2,1290.574,24,validated_tip_append_only
2,41.633,24,validated_tip_snapshot_export
2,438.12,24,verify_distinct_session_export
2,15.042,24,serialize_distinct_session_export
2,1361.601,25,validated_tip_end_to_end
2,1319.668,25,validated_tip_append_only
2,41.092,25,validated_tip_snapshot_export
2,434.565,25,verify_distinct_session_export
2,15.563,25,serialize_distinct_session_export
2,1330.654,26,validated_tip_end_to_end
2,1288.1,26,validated_tip_append_only
2,41.803,26,validated_tip_snapshot_export
2,438.401,26,verify_distinct_session_export
2,15.072,26,serialize_distinct_session_export
2,1354.781,27,validated_tip_end_to_end
2,1312.547,27,validated_tip_append_only
2,41.523,27,validated_tip_snapshot_export
2,438.761,27,verify_distinct_session_export
2,14.852,27,serialize_distinct_session_export
2,1518.978,28,validated_tip_end_to_end
2,1475.463,28,validated_tip_append_only
2,42.835,28,validated_tip_snapshot_export
2,453.423,28,verify_distinct_session_export
2,15.664,28,serialize_distinct_session_export
2,1376.284,29,validated_tip_end_to_end
2,1319.067,29,validated_tip_append_only
2,56.505,29,validated_tip_snapshot_export
2,419.852,29,verify_distinct_session_export
2,15.202,29,serialize_distinct_session_export
2,1346.578,30,validated_tip_end_to_end
2,1284.605,30,validated_tip_append_only
2,61.142,30,validated_tip_snapshot_export
2,418.63,30,verify_distinct_session_export
2,15.223,30,serialize_distinct_session_export
2,1259.858,0,full_prefix_replay_end_to_end
2,1232.076,1,full_prefix_replay_end_to_end
2,1245.867,2,full_prefix_replay_end_to_end
2,1233.889,3,full_prefix_replay_end_to_end
2,1269.893,4,full_prefix_replay_end_to_end
2,1383.364,5,full_prefix_replay_end_to_end
2,1238.035,6,full_prefix_replay_end_to_end
4,3152.929,0,validated_tip_end_to_end
4,3096.755,0,validated_tip_append_only
4,54.422,0,validated_tip_snapshot_export
4,718.553,0,verify_distinct_session_export
4,26.951,0,serialize_distinct_session_export
4,2955.913,1,validated_tip_end_to_end
4,2881.431,1,validated_tip_append_only
4,73.421,1,validated_tip_snapshot_export
4,698.382,1,verify_distinct_session_export
4,27.802,1,serialize_distinct_session_export
4,2761.339,2,validated_tip_end_to_end
4,2707.438,2,validated_tip_append_only
4,53.16,2,validated_tip_snapshot_export
4,699.684,2,verify_distinct_session_export
4,26.95,2,serialize_distinct_session_export
4,2766.377,3,validated_tip_end_to_end
4,2712.756,3,validated_tip_append_only
4,52.9,3,validated_tip_snapshot_export
4,702.318,3,verify_distinct_session_export
4,26.69,3,serialize_distinct_session_export
4,2763.362,4,validated_tip_end_to_end
4,2709.932,4,validated_tip_append_only
4,52.499,4,validated_tip_snapshot_export
4,680.716,4,verify_distinct_session_export
4,26.921,4,serialize_distinct_session_export
4,2748.249,5,validated_tip_end_to_end
4,2694.699,5,validated_tip_append_only
4,52.719,5,validated_tip_snapshot_export
4,700.465,5,verify_distinct_session_export
4,26.841,5,serialize_distinct_session_export
4,2750.433,6,validated_tip_end_to_end
4,2695.67,6,validated_tip_append_only
4,53.982,6,validated_tip_snapshot_export
4,741.086,6,verify_distinct_session_export
4,27.001,6,serialize_distinct_session_export
4,3020.9,7,validated_tip_end_to_end
4,2968.121,7,validated_tip_append_only
4,51.949,7,validated_tip_snapshot_export
4,737.861,7,verify_distinct_session_export
4,27.642,7,serialize_distinct_session_export
4,2848.061,8,validated_tip_end_to_end
4,2793.679,8,validated_tip_append_only
4,53.31,8,validated_tip_snapshot_export
4,724.662,8,verify_distinct_session_export
4,26.91,8,serialize_distinct_session_export
4,2945.917,9,validated_tip_end_to_end
4,2893.078,9,validated_tip_append_only
4,51.858,9,validated_tip_snapshot_export
4,746.855,9,verify_distinct_session_export
4,28.013,9,serialize_distinct_session_export
4,2734.98,10,validated_tip_end_to_end
4,2682.481,10,validated_tip_append_only
4,51.568,10,validated_tip_snapshot_export
4,820.085,10,verify_distinct_session_export
4,29.044,10,serialize_distinct_session_export
4,2743.133,11,validated_tip_end_to_end
4,2669.903,11,validated_tip_append_only
4,72.269,11,validated_tip_snapshot_export
4,712.033,11,verify_distinct_session_export
4,27.932,11,serialize_distinct_session_export
4,2702.901,12,validated_tip_end_to_end
4,2650.372,12,validated_tip_append_only
4,51.778,12,validated_tip_snapshot_export
4,701.557,12,verify_distinct_session_export
4,26.931,12,serialize_distinct_session_export
4,2862.061,13,validated_tip_end_to_end
4,2807.369,13,validated_tip_append_only
4,53.761,13,validated_tip_snapshot_export
4,703.169,13,verify_distinct_session_export
4,27.791,13,serialize_distinct_session_export
4,2749.962,14,validated_tip_end_to_end
4,2695.711,14,validated_tip_append_only
4,53.4,14,validated_tip_snapshot_export
4,697.772,14,verify_distinct_session_export
4,27.722,14,serialize_distinct_session_export
4,3092.298,15,validated_tip_end_to_end
4,3038.467,15,validated_tip_append_only
4,52.99,15,validated_tip_snapshot_export
4,800.476,15,verify_distinct_session_export
4,27.011,15,serialize_distinct_session_export
4,2795.811,16,validated_tip_end_to_end
4,2740.488,16,validated_tip_append_only
4,54.392,16,validated_tip_snapshot_export
4,690.511,16,verify_distinct_session_export
4,27.421,16,serialize_distinct_session_export
4,2735.13,17,validated_tip_end_to_end
4,2681.869,17,validated_tip_append_only
4,52.249,17,validated_tip_snapshot_export
4,708.708,17,verify_distinct_session_export
4,27.04,17,serialize_distinct_session_export
4,2754.529,18,validated_tip_end_to_end
4,2700.057,18,validated_tip_append_only
4,53.691,18,validated_tip_snapshot_export
4,702.588,18,verify_distinct_session_export
4,27.231,18,serialize_distinct_session_export
4,2754.309,19,validated_tip_end_to_end
4,2701.219,19,validated_tip_append_only
4,52.369,19,validated_tip_snapshot_export
4,856.581,19,verify_distinct_session_export
4,28.634,19,serialize_distinct_session_export
4,2873.178,20,validated_tip_end_to_end
4,2815.521,20,validated_tip_append_only
4,56.896,20,validated_tip_snapshot_export
4,746.144,20,verify_distinct_session_export
4,27.551,20,serialize_distinct_session_export
4,2757.454,21,validated_tip_end_to_end
4,2703.242,21,validated_tip_append_only
4,53.41,21,validated_tip_snapshot_export
4,683.87,21,verify_distinct_session_export
4,27.061,21,serialize_distinct_session_export
4,3140.17,22,validated_tip_end_to_end
4,3086.409,22,validated_tip_append_only
4,52.919,22,validated_tip_snapshot_export
4,757.652,22,verify_distinct_session_export
4,35.723,22,serialize_distinct_session_export
4,2822.311,23,validated_tip_end_to_end
4,2768.209,23,validated_tip_append_only
4,53.331,23,validated_tip_snapshot_export
4,687.466,23,verify_distinct_session_export
4,27.872,23,serialize_distinct_session_export
4,2761.4,24,validated_tip_end_to_end
4,2708.32,24,validated_tip_append_only
4,52.399,24,validated_tip_snapshot_export
4,709.439,24,verify_distinct_session_export
4,27.392,24,serialize_distinct_session_export
4,2769.392,25,validated_tip_end_to_end
4,2716.563,25,validated_tip_append_only
4,52.209,25,validated_tip_snapshot_export
4,702.318,25,verify_distinct_session_export
4,26.971,25,serialize_distinct_session_export
4,2739.647,26,validated_tip_end_to_end
4,2686.267,26,validated_tip_append_only
4,52.589,26,validated_tip_snapshot_export
4,698.743,26,verify_distinct_session_export
4,27.752,26,serialize_distinct_session_export
4,2896.994,27,validated_tip_end_to_end
4,2845.246,27,validated_tip_append_only
4,51.026,27,validated_tip_snapshot_export
4,676.489,27,verify_distinct_session_export
4,27.061,27,serialize_distinct_session_export
4,2719.416,28,validated_tip_end_to_end
4,2665.665,28,validated_tip_append_only
4,52.95,28,validated_tip_snapshot_export
4,700.415,28,verify_distinct_session_export
4,27.522,28,serialize_distinct_session_export
4,2711.075,29,validated_tip_end_to_end
4,2658.836,29,validated_tip_append_only
4,51.577,29,validated_tip_snapshot_export
4,722.078,29,verify_distinct_session_export
4,27.181,29,serialize_distinct_session_export
4,2697.353,30,validated_tip_end_to_end
4,2641.229,30,validated_tip_append_only
4,55.464,30,validated_tip_snapshot_export
4,700.806,30,verify_distinct_session_export
4,27.371,30,serialize_distinct_session_export
4,3137.767,0,full_prefix_replay_end_to_end
4,3137.516,1,full_prefix_replay_end_to_end
4,3257.377,2,full_prefix_replay_end_to_end
4,3200.601,3,full_prefix_replay_end_to_end
4,3128.923,4,full_prefix_replay_end_to_end
4,3253.772,5,full_prefix_replay_end_to_end
4,3178.187,6,full_prefix_replay_end_to_end
8,6301.562,0,validated_tip_end_to_end
8,6227.01,0,validated_tip_append_only
8,72.72,0,validated_tip_snapshot_export
8,1260.538,0,verify_distinct_session_export
8,56.084,0,serialize_distinct_session_export
8,5332.243,1,validated_tip_end_to_end
8,5263.8,1,validated_tip_append_only
8,67.221,1,validated_tip_snapshot_export
8,1265.627,1,verify_distinct_session_export
8,54.202,1,serialize_distinct_session_export
8,5268.225,2,validated_tip_end_to_end
8,5197.799,2,validated_tip_append_only
8,69.495,2,validated_tip_snapshot_export
8,1201.2,2,verify_distinct_session_export
8,49.164,2,serialize_distinct_session_export
8,5309.027,3,validated_tip_end_to_end
8,5239.792,3,validated_tip_append_only
8,68.242,3,validated_tip_snapshot_export
8,1207.189,3,verify_distinct_session_export
8,53.45,3,serialize_distinct_session_export
8,5255.106,4,validated_tip_end_to_end
8,5186.202,4,validated_tip_append_only
8,68.062,4,validated_tip_snapshot_export
8,1219.827,4,verify_distinct_session_export
8,49.985,4,serialize_distinct_session_export
8,5410.45,5,validated_tip_end_to_end
8,5341.236,5,validated_tip_append_only
8,68.523,5,validated_tip_snapshot_export
8,1203.843,5,verify_distinct_session_export
8,57.987,5,serialize_distinct_session_export
8,5366.334,6,validated_tip_end_to_end
8,5293.654,6,validated_tip_append_only
8,71.838,6,validated_tip_snapshot_export
8,1194.83,6,verify_distinct_session_export
8,48.954,6,serialize_distinct_session_export
8,5593.525,7,validated_tip_end_to_end
8,5522.738,7,validated_tip_append_only
8,69.716,7,validated_tip_snapshot_export
8,1220.912,7,verify_distinct_session_export
8,49.765,7,serialize_distinct_session_export
8,5271.081,8,validated_tip_end_to_end
8,5186.413,8,validated_tip_append_only
8,83.817,8,validated_tip_snapshot_export
8,1225.628,8,verify_distinct_session_export
8,49.845,8,serialize_distinct_session_export
8,5275.507,9,validated_tip_end_to_end
8,5207.535,9,validated_tip_append_only
8,67.141,9,validated_tip_snapshot_export
8,1211.727,9,verify_distinct_session_export
8,53.06,9,serialize_distinct_session_export
8,5307.866,10,validated_tip_end_to_end
8,5237.38,10,validated_tip_append_only
8,69.625,10,validated_tip_snapshot_export
8,1193.02,10,verify_distinct_session_export
8,49.585,10,serialize_distinct_session_export
8,7434.594,11,validated_tip_end_to_end
8,7363.487,11,validated_tip_append_only
8,69.826,11,validated_tip_snapshot_export
8,2576.035,11,verify_distinct_session_export
8,58.368,11,serialize_distinct_session_export
8,5621.229,12,validated_tip_end_to_end
8,5535.44,12,validated_tip_append_only
8,84.668,12,validated_tip_snapshot_export
8,1259.87,12,verify_distinct_session_export
8,49.845,12,serialize_distinct_session_export
8,5577.072,13,validated_tip_end_to_end
8,5507.217,13,validated_tip_append_only
8,68.985,13,validated_tip_snapshot_export
8,1241.402,13,verify_distinct_session_export
8,55.944,13,serialize_distinct_session_export
8,5602.881,14,validated_tip_end_to_end
8,5533.046,14,validated_tip_append_only
8,68.884,14,validated_tip_snapshot_export
8,1234.012,14,verify_distinct_session_export
8,48.933,14,serialize_distinct_session_export
8,5316.499,15,validated_tip_end_to_end
8,5244.03,15,validated_tip_append_only
8,71.678,15,validated_tip_snapshot_export
8,1230.266,15,verify_distinct_session_export
8,50.055,15,serialize_distinct_session_export
8,5288.387,16,validated_tip_end_to_end
8,5200.674,16,validated_tip_append_only
8,86.821,16,validated_tip_snapshot_export
8,1207.011,16,verify_distinct_session_export
8,52.309,16,serialize_distinct_session_export
8,5398.523,17,validated_tip_end_to_end
8,5322.598,17,validated_tip_append_only
8,75.003,17,validated_tip_snapshot_export
8,1208.693,17,verify_distinct_session_export
8,50.006,17,serialize_distinct_session_export
8,5656.302,18,validated_tip_end_to_end
8,5562.691,18,validated_tip_append_only
8,92.54,18,validated_tip_snapshot_export
8,1445.921,18,verify_distinct_session_export
8,83.846,18,serialize_distinct_session_export
8,5870.404,19,validated_tip_end_to_end
8,5793.739,19,validated_tip_append_only
8,75.324,19,validated_tip_snapshot_export
8,1285.819,19,verify_distinct_session_export
8,54.702,19,serialize_distinct_session_export
8,5502.971,20,validated_tip_end_to_end
8,5432.054,20,validated_tip_append_only
8,69.955,20,validated_tip_snapshot_export
8,1340.572,20,verify_distinct_session_export
8,50.696,20,serialize_distinct_session_export
8,5569.581,21,validated_tip_end_to_end
8,5499.075,21,validated_tip_append_only
8,69.505,21,validated_tip_snapshot_export
8,1211.758,21,verify_distinct_session_export
8,50.076,21,serialize_distinct_session_export
8,5659.867,22,validated_tip_end_to_end
8,5589.871,22,validated_tip_append_only
8,69.154,22,validated_tip_snapshot_export
8,1233.711,22,verify_distinct_session_export
8,49.534,22,serialize_distinct_session_export
8,5451.452,23,validated_tip_end_to_end
8,5381.186,23,validated_tip_append_only
8,69.525,23,validated_tip_snapshot_export
8,1247.822,23,verify_distinct_session_export
8,50.637,23,serialize_distinct_session_export
8,5291.833,24,validated_tip_end_to_end
8,5222.218,24,validated_tip_append_only
8,68.673,24,validated_tip_snapshot_export
8,1220.18,24,verify_distinct_session_export
8,48.914,24,serialize_distinct_session_export
8,5255.767,25,validated_tip_end_to_end
8,5184.99,25,validated_tip_append_only
8,70.066,25,validated_tip_snapshot_export
8,1205.117,25,verify_distinct_session_export
8,49.605,25,serialize_distinct_session_export
8,5282.277,26,validated_tip_end_to_end
8,5214.184,26,validated_tip_append_only
8,67.332,26,validated_tip_snapshot_export
8,1190.376,26,verify_distinct_session_export
8,49.925,26,serialize_distinct_session_export
8,5252.043,27,validated_tip_end_to_end
8,5180.825,27,validated_tip_append_only
8,70.356,27,validated_tip_snapshot_export
8,1225.088,27,verify_distinct_session_export
8,50.847,27,serialize_distinct_session_export
8,5248.386,28,validated_tip_end_to_end
8,5178.05,28,validated_tip_append_only
8,69.225,28,validated_tip_snapshot_export
8,1222.584,28,verify_distinct_session_export
8,50.246,28,serialize_distinct_session_export
8,5272.143,29,validated_tip_end_to_end
8,5186.654,29,validated_tip_append_only
8,84.698,29,validated_tip_snapshot_export
8,1192.128,29,verify_distinct_session_export
8,50.416,29,serialize_distinct_session_export
8,5294.607,30,validated_tip_end_to_end
8,5205.232,30,validated_tip_append_only
8,88.524,30,validated_tip_snapshot_export
8,1214.422,30,verify_distinct_session_export
8,50.086,30,serialize_distinct_session_export
8,8694.294,0,full_prefix_replay_end_to_end
8,8548.053,1,full_prefix_replay_end_to_end
8,8535.064,2,full_prefix_replay_end_to_end
8,9160.377,3,full_prefix_replay_end_to_end
8,8678.22,4,full_prefix_replay_end_to_end
8,8547.282,5,full_prefix_replay_end_to_end
8,9030.01,6,full_prefix_replay_end_to_end
16,11836.273,0,validated_tip_end_to_end
16,11720.939,0,validated_tip_append_only
16,113.441,0,validated_tip_snapshot_export
16,2250.945,0,verify_distinct_session_export
16,129.816,0,serialize_distinct_session_export
16,10858.649,1,validated_tip_end_to_end
16,10747.191,1,validated_tip_append_only
16,110.426,1,validated_tip_snapshot_export
16,2290.816,1,verify_distinct_session_export
16,96.215,1,serialize_distinct_session_export
16,10741.762,2,validated_tip_end_to_end
16,10630.395,2,validated_tip_append_only
16,110.196,2,validated_tip_snapshot_export
16,2210.054,2,verify_distinct_session_export
16,95.444,2,serialize_distinct_session_export
16,10697.055,3,validated_tip_end_to_end
16,10588.662,3,validated_tip_append_only
16,107.412,3,validated_tip_snapshot_export
16,2247.17,3,verify_distinct_session_export
16,96.175,3,serialize_distinct_session_export
16,12085.74,4,validated_tip_end_to_end
16,11973.901,4,validated_tip_append_only
16,110.777,4,validated_tip_snapshot_export
16,2306.199,4,verify_distinct_session_export
16,98.078,4,serialize_distinct_session_export
16,11140.884,5,validated_tip_end_to_end
16,11013.061,5,validated_tip_append_only
16,126.691,5,validated_tip_snapshot_export
16,2237.986,5,verify_distinct_session_export
16,97.897,5,serialize_distinct_session_export
16,11176.639,6,validated_tip_end_to_end
16,11064.34,6,validated_tip_append_only
16,110.677,6,validated_tip_snapshot_export
16,2380.27,6,verify_distinct_session_export
16,97.116,6,serialize_distinct_session_export
16,11221.195,7,validated_tip_end_to_end
16,11109.917,7,validated_tip_append_only
16,110.426,7,validated_tip_snapshot_export
16,2324.857,7,verify_distinct_session_export
16,96.566,7,serialize_distinct_session_export
16,11765.947,8,validated_tip_end_to_end
16,11655.431,8,validated_tip_append_only
16,109.245,8,validated_tip_snapshot_export
16,2249.443,8,verify_distinct_session_export
16,97.306,8,serialize_distinct_session_export
16,10866.12,9,validated_tip_end_to_end
16,10757.736,9,validated_tip_append_only
16,107.442,9,validated_tip_snapshot_export
16,2254.271,9,verify_distinct_session_export
16,95.654,9,serialize_distinct_session_export
16,10718.376,10,validated_tip_end_to_end
16,10608.3,10,validated_tip_append_only
16,109.275,10,validated_tip_snapshot_export
16,2227.299,10,verify_distinct_session_export
16,94.042,10,serialize_distinct_session_export
16,10803.185,11,validated_tip_end_to_end
16,10694.721,11,validated_tip_append_only
16,107.593,11,validated_tip_snapshot_export
16,2220.62,11,verify_distinct_session_export
16,99.42,11,serialize_distinct_session_export
16,10790.396,12,validated_tip_end_to_end
16,10681.862,12,validated_tip_append_only
16,107.463,12,validated_tip_snapshot_export
16,2257.495,12,verify_distinct_session_export
16,94.933,12,serialize_distinct_session_export
16,10757.116,13,validated_tip_end_to_end
16,10642.062,13,validated_tip_append_only
16,114.213,13,validated_tip_snapshot_export
16,2252.227,13,verify_distinct_session_export
16,99.059,13,serialize_distinct_session_export
16,10819.118,14,validated_tip_end_to_end
16,10707.39,14,validated_tip_append_only
16,110.907,14,validated_tip_snapshot_export
16,2232.999,14,verify_distinct_session_export
16,95.214,14,serialize_distinct_session_export
16,12201.053,15,validated_tip_end_to_end
16,12089.675,15,validated_tip_append_only
16,110.136,15,validated_tip_snapshot_export
16,2832.002,15,verify_distinct_session_export
16,111.398,15,serialize_distinct_session_export
16,11068.115,16,validated_tip_end_to_end
16,10939.701,16,validated_tip_append_only
16,127.452,16,validated_tip_snapshot_export
16,2344.917,16,verify_distinct_session_export
16,95.875,16,serialize_distinct_session_export
16,10923.196,17,validated_tip_end_to_end
16,10813.069,17,validated_tip_append_only
16,109.044,17,validated_tip_snapshot_export
16,2282.923,17,verify_distinct_session_export
16,101.783,17,serialize_distinct_session_export
16,10984.609,18,validated_tip_end_to_end
16,10874.372,18,validated_tip_append_only
16,109.064,18,validated_tip_snapshot_export
16,2209.483,18,verify_distinct_session_export
16,156.466,18,serialize_distinct_session_export
16,10875.905,19,validated_tip_end_to_end
16,10766.069,19,validated_tip_append_only
16,108.894,19,validated_tip_snapshot_export
16,2394.743,19,verify_distinct_session_export
16,103.486,19,serialize_distinct_session_export
16,11018.97,20,validated_tip_end_to_end
16,10909.045,20,validated_tip_append_only
16,109.105,20,validated_tip_snapshot_export
16,2212.176,20,verify_distinct_session_export
16,112.229,20,serialize_distinct_session_export
16,10815.003,21,validated_tip_end_to_end
16,10704.667,21,validated_tip_append_only
16,109.395,21,validated_tip_snapshot_export
16,2245.227,21,verify_distinct_session_export
16,95.865,21,serialize_distinct_session_export
16,10657.855,22,validated_tip_end_to_end
16,10548.03,22,validated_tip_append_only
16,108.974,22,validated_tip_snapshot_export
16,2237.095,22,verify_distinct_session_export
16,94.262,22,serialize_distinct_session_export
16,10695.483,23,validated_tip_end_to_end
16,10586.278,23,validated_tip_append_only
16,108.083,23,validated_tip_snapshot_export
16,2202.022,23,verify_distinct_session_export
16,112.44,23,serialize_distinct_session_export
16,10767.1,24,validated_tip_end_to_end
16,10630.935,24,validated_tip_append_only
16,135.244,24,validated_tip_snapshot_export
16,2246.068,24,verify_distinct_session_export
16,96.336,24,serialize_distinct_session_export
16,10771.678,25,validated_tip_end_to_end
16,10660.42,25,validated_tip_append_only
16,109.716,25,validated_tip_snapshot_export
16,2256.984,25,verify_distinct_session_export
16,105.77,25,serialize_distinct_session_export
16,10929.826,26,validated_tip_end_to_end
16,10784.767,26,validated_tip_append_only
16,143.877,26,validated_tip_snapshot_export
16,2245.437,26,verify_distinct_session_export
16,95.534,26,serialize_distinct_session_export
16,10778.638,27,validated_tip_end_to_end
16,10668.982,27,validated_tip_append_only
16,108.714,27,validated_tip_snapshot_export
16,2248.722,27,verify_distinct_session_export
16,97.437,27,serialize_distinct_session_export
16,10812.77,28,validated_tip_end_to_end
16,10701.873,28,validated_tip_append_only
16,109.996,28,validated_tip_snapshot_export
16,2221.2,28,verify_distinct_session_export
16,95.614,28,serialize_distinct_session_export
16,11607.678,29,validated_tip_end_to_end
16,11488.438,29,validated_tip_append_only
16,118.318,29,validated_tip_snapshot_export
16,2367.941,29,verify_distinct_session_export
16,102.625,29,serialize_distinct_session_export
16,11158.071,30,validated_tip_end_to_end
16,11033.082,30,validated_tip_append_only
16,123.777,30,validated_tip_snapshot_export
16,2407.311,30,verify_distinct_session_export
16,98.118,30,serialize_distinct_session_export
16,29043.658,0,full_prefix_replay_end_to_end
16,30413.625,1,full_prefix_replay_end_to_end
16,27250.934,2,full_prefix_replay_end_to_end
16,27070.492,3,full_prefix_replay_end_to_end
16,26645.06,4,full_prefix_replay_end_to_end
16,26580.443,5,full_prefix_replay_end_to_end
16,26849.358,6,full_prefix_replay_end_to_end
32,23183.769,0,validated_tip_end_to_end
32,22988.915,0,validated_tip_append_only
32,193.042,0,validated_tip_snapshot_export
32,4629.803,0,verify_distinct_session_export
32,190.958,0,serialize_distinct_session_export
32,21120.978,1,validated_tip_end_to_end
32,20918.583,1,validated_tip_append_only
32,200.642,1,validated_tip_snapshot_export
32,4540.319,1,verify_distinct_session_export
32,184.768,1,serialize_distinct_session_export
32,23892.308,2,validated_tip_end_to_end
32,23676.963,2,validated_tip_append_only
32,213.522,2,validated_tip_snapshot_export
32,5078.84,2,verify_distinct_session_export
32,183.667,2,serialize_distinct_session_export
32,22733.38,3,validated_tip_end_to_end
32,22540.73,3,validated_tip_append_only
32,191.389,3,validated_tip_snapshot_export
32,4706.299,3,verify_distinct_session_export
32,186.782,3,serialize_distinct_session_export
32,22619.949,4,validated_tip_end_to_end
32,22397.613,4,validated_tip_append_only
32,220.022,4,validated_tip_snapshot_export
32,4381.399,4,verify_distinct_session_export
32,189.716,4,serialize_distinct_session_export
32,21154.529,5,validated_tip_end_to_end
32,20966.956,5,validated_tip_append_only
32,186.561,5,validated_tip_snapshot_export
32,4303.27,5,verify_distinct_session_export
32,185.67,5,serialize_distinct_session_export
32,21374.27,6,validated_tip_end_to_end
32,21168.77,6,validated_tip_append_only
32,204.208,6,validated_tip_snapshot_export
32,4310.371,6,verify_distinct_session_export
32,184.368,6,serialize_distinct_session_export
32,24554.166,7,validated_tip_end_to_end
32,23178.752,7,validated_tip_append_only
32,1372.691,7,validated_tip_snapshot_export
32,4776.255,7,verify_distinct_session_export
32,194.784,7,serialize_distinct_session_export
32,22521.781,8,validated_tip_end_to_end
32,22337.834,8,validated_tip_append_only
32,182.646,8,validated_tip_snapshot_export
32,4578.937,8,verify_distinct_session_export
32,185.58,8,serialize_distinct_session_export
32,21823.938,9,validated_tip_end_to_end
32,21625.168,9,validated_tip_append_only
32,197.608,9,validated_tip_snapshot_export
32,4451.345,9,verify_distinct_session_export
32,196.366,9,serialize_distinct_session_export
32,21335.411,10,validated_tip_end_to_end
32,21144.714,10,validated_tip_append_only
32,189.616,10,validated_tip_snapshot_export
32,4320.076,10,verify_distinct_session_export
32,186.141,10,serialize_distinct_session_export
32,21248.42,11,validated_tip_end_to_end
32,21059.375,11,validated_tip_append_only
32,187.352,11,validated_tip_snapshot_export
32,4293.026,11,verify_distinct_session_export
32,194.824,11,serialize_distinct_session_export
32,21125.185,12,validated_tip_end_to_end
32,20934.277,12,validated_tip_append_only
32,189.776,12,validated_tip_snapshot_export
32,4321.689,12,verify_distinct_session_export
32,187.172,12,serialize_distinct_session_export
32,21110.212,13,validated_tip_end_to_end
32,20916.88,13,validated_tip_append_only
32,192.1,13,validated_tip_snapshot_export
32,4466.797,13,verify_distinct_session_export
32,208.234,13,serialize_distinct_session_export
32,21149.361,14,validated_tip_end_to_end
32,20962.049,14,validated_tip_append_only
32,186.001,14,validated_tip_snapshot_export
32,4295.058,14,verify_distinct_session_export
32,185.3,14,serialize_distinct_session_export
32,21602.685,15,validated_tip_end_to_end
32,21413.74,15,validated_tip_append_only
32,187.983,15,validated_tip_snapshot_export
32,4417.293,15,verify_distinct_session_export
32,190.798,15,serialize_distinct_session_export
32,21902.747,16,validated_tip_end_to_end
32,21715.805,16,validated_tip_append_only
32,185.84,16,validated_tip_snapshot_export
32,4302.6,16,verify_distinct_session_export
32,186.211,16,serialize_distinct_session_export
32,21947.695,17,validated_tip_end_to_end
32,21763.607,17,validated_tip_append_only
32,182.445,17,validated_tip_snapshot_export
32,4340.678,17,verify_distinct_session_export
32,219.261,17,serialize_distinct_session_export
32,21560.0,18,validated_tip_end_to_end
32,21379.818,18,validated_tip_append_only
32,179.16,18,validated_tip_snapshot_export
32,4254.998,18,verify_distinct_session_export
32,185.009,18,serialize_distinct_session_export
32,22438.205,19,validated_tip_end_to_end
32,22231.373,19,validated_tip_append_only
32,205.28,19,validated_tip_snapshot_export
32,4432.646,19,verify_distinct_session_export
32,191.088,19,serialize_distinct_session_export
32,23911.918,20,validated_tip_end_to_end
32,23674.169,20,validated_tip_append_only
32,236.066,20,validated_tip_snapshot_export
32,4424.894,20,verify_distinct_session_export
32,187.973,20,serialize_distinct_session_export
32,21669.145,21,validated_tip_end_to_end
32,21464.396,21,validated_tip_append_only
32,203.607,21,validated_tip_snapshot_export
32,4452.717,21,verify_distinct_session_export
32,189.676,21,serialize_distinct_session_export
32,21452.408,22,validated_tip_end_to_end
32,21266.628,22,validated_tip_append_only
32,184.839,22,validated_tip_snapshot_export
32,4640.479,22,verify_distinct_session_export
32,186.391,22,serialize_distinct_session_export
32,21190.754,23,validated_tip_end_to_end
32,21002.44,23,validated_tip_append_only
32,187.192,23,validated_tip_snapshot_export
32,4691.627,23,verify_distinct_session_export
32,204.548,23,serialize_distinct_session_export
32,22330.862,24,validated_tip_end_to_end
32,22149.599,24,validated_tip_append_only
32,180.102,24,validated_tip_snapshot_export
32,4387.308,24,verify_distinct_session_export
32,241.855,24,serialize_distinct_session_export
32,21322.441,25,validated_tip_end_to_end
32,21132.755,25,validated_tip_append_only
32,188.835,25,validated_tip_snapshot_export
32,4314.468,25,verify_distinct_session_export
32,189.646,25,serialize_distinct_session_export
32,21164.814,26,validated_tip_end_to_end
32,20981.147,26,validated_tip_append_only
32,182.175,26,validated_tip_snapshot_export
32,4299.084,26,verify_distinct_session_export
32,185.66,26,serialize_distinct_session_export
32,20942.669,27,validated_tip_end_to_end
32,20762.307,27,validated_tip_append_only
32,179.521,27,validated_tip_snapshot_export
32,4276.32,27,verify_distinct_session_export
32,204.769,27,serialize_distinct_session_export
32,21024.252,28,validated_tip_end_to_end
32,20838.472,28,validated_tip_append_only
32,184.759,28,validated_tip_snapshot_export
32,4293.245,28,verify_distinct_session_export
32,201.424,28,serialize_distinct_session_export
32,21344.135,29,validated_tip_end_to_end
32,21158.525,29,validated_tip_append_only
32,184.538,29,validated_tip_snapshot_export
32,4275.428,29,verify_distinct_session_export
32,207.824,29,serialize_distinct_session_export
32,21039.074,30,validated_tip_end_to_end
32,20857.36,30,validated_tip_append_only
32,180.533,30,validated_tip_snapshot_export
32,4282.189,30,verify_distinct_session_export
32,197.858,30,serialize_distinct_session_export
32,90581.248,0,full_prefix_replay_end_to_end
32,91395.467,1,full_prefix_replay_end_to_end
32,94612.799,2,full_prefix_replay_end_to_end
32,95812.579,3,full_prefix_replay_end_to_end
32,91884.475,4,full_prefix_replay_end_to_end
32,91304.51,5,full_prefix_replay_end_to_end
32,93685.049,6,full_prefix_replay_end_to_end
64,46114.713,0,validated_tip_end_to_end
64,45762.823,0,validated_tip_append_only
64,349.617,0,validated_tip_snapshot_export
64,8715.809,0,verify_distinct_session_export
64,434.795,0,serialize_distinct_session_export
64,44276.624,1,validated_tip_end_to_end
64,43825.445,1,validated_tip_append_only
64,449.056,1,validated_tip_snapshot_export
64,9880.363,1,verify_distinct_session_export
64,380.964,1,serialize_distinct_session_export
64,45695.392,2,validated_tip_end_to_end
64,45339.326,2,validated_tip_append_only
64,353.974,2,validated_tip_snapshot_export
64,9091.013,2,verify_distinct_session_export
64,359.151,2,serialize_distinct_session_export
64,44847.524,3,validated_tip_end_to_end
64,44423.386,3,validated_tip_append_only
64,422.317,3,validated_tip_snapshot_export
64,9036.772,3,verify_distinct_session_export
64,405.871,3,serialize_distinct_session_export
64,45223.1,4,validated_tip_end_to_end
64,44842.868,4,validated_tip_append_only
64,378.06,4,validated_tip_snapshot_export
64,8524.801,4,verify_distinct_session_export
64,373.532,4,serialize_distinct_session_export
64,45506.577,5,validated_tip_end_to_end
64,45134.977,5,validated_tip_append_only
64,369.878,5,validated_tip_snapshot_export
64,9162.772,5,verify_distinct_session_export
64,359.041,5,serialize_distinct_session_export
64,48307.075,6,validated_tip_end_to_end
64,47907.693,6,validated_tip_append_only
64,397.238,6,validated_tip_snapshot_export
64,8958.324,6,verify_distinct_session_export
64,377.699,6,serialize_distinct_session_export
64,45097.992,7,validated_tip_end_to_end
64,44733.583,7,validated_tip_append_only
64,362.937,7,validated_tip_snapshot_export
64,8502.588,7,verify_distinct_session_export
64,361.815,7,serialize_distinct_session_export
64,46733.255,8,validated_tip_end_to_end
64,46368.415,8,validated_tip_append_only
64,363.066,8,validated_tip_snapshot_export
64,9452.298,8,verify_distinct_session_export
64,368.435,8,serialize_distinct_session_export
64,60197.677,9,validated_tip_end_to_end
64,59714.319,9,validated_tip_append_only
64,481.094,9,validated_tip_snapshot_export
64,9991.38,9,verify_distinct_session_export
64,522.497,9,serialize_distinct_session_export
64,58648.633,10,validated_tip_end_to_end
64,58226.868,10,validated_tip_append_only
64,419.492,10,validated_tip_snapshot_export
64,8397.709,10,verify_distinct_session_export
64,361.365,10,serialize_distinct_session_export
64,48933.97,11,validated_tip_end_to_end
64,48559.987,11,validated_tip_append_only
64,371.85,11,validated_tip_snapshot_export
64,8568.317,11,verify_distinct_session_export
64,368.946,11,serialize_distinct_session_export
64,46085.209,12,validated_tip_end_to_end
64,45343.181,12,validated_tip_append_only
64,740.065,12,validated_tip_snapshot_export
64,10810.753,12,verify_distinct_session_export
64,451.43,12,serialize_distinct_session_export
64,49179.74,13,validated_tip_end_to_end
64,48817.675,13,validated_tip_append_only
64,360.433,13,validated_tip_snapshot_export
64,13754.859,13,verify_distinct_session_export
64,384.309,13,serialize_distinct_session_export
64,50834.052,14,validated_tip_end_to_end
64,50336.853,14,validated_tip_append_only
64,494.916,14,validated_tip_snapshot_export
64,8833.827,14,verify_distinct_session_export
64,364.249,14,serialize_distinct_session_export
64,47328.552,15,validated_tip_end_to_end
64,46957.393,15,validated_tip_append_only
64,369.237,15,validated_tip_snapshot_export
64,8466.763,15,verify_distinct_session_export
64,380.423,15,serialize_distinct_session_export
64,53013.766,16,validated_tip_end_to_end
64,52643.097,16,validated_tip_append_only
64,368.956,16,validated_tip_snapshot_export
64,9093.287,16,verify_distinct_session_export
64,422.867,16,serialize_distinct_session_export
64,46726.445,17,validated_tip_end_to_end
64,46202.305,17,validated_tip_append_only
64,522.417,17,validated_tip_snapshot_export
64,9127.358,17,verify_distinct_session_export
64,382.736,17,serialize_distinct_session_export
64,46895.569,18,validated_tip_end_to_end
64,46552.653,18,validated_tip_append_only
64,341.354,18,validated_tip_snapshot_export
64,8940.227,18,verify_distinct_session_export
64,505.842,18,serialize_distinct_session_export
64,47751.168,19,validated_tip_end_to_end
64,47313.178,19,validated_tip_append_only
64,436.437,19,validated_tip_snapshot_export
64,9189.463,19,verify_distinct_session_export
64,402.036,19,serialize_distinct_session_export
64,45467.669,20,validated_tip_end_to_end
64,45023.009,20,validated_tip_append_only
64,442.547,20,validated_tip_snapshot_export
64,8878.954,20,verify_distinct_session_export
64,370.308,20,serialize_distinct_session_export
64,47286.399,21,validated_tip_end_to_end
64,46918.555,21,validated_tip_append_only
64,366.091,21,validated_tip_snapshot_export
64,8826.976,21,verify_distinct_session_export
64,363.608,21,serialize_distinct_session_export
64,44610.807,22,validated_tip_end_to_end
64,44160.078,22,validated_tip_append_only
64,448.796,22,validated_tip_snapshot_export
64,9898.119,22,verify_distinct_session_export
64,380.744,22,serialize_distinct_session_export
64,47721.343,23,validated_tip_end_to_end
64,47333.279,23,validated_tip_append_only
64,385.972,23,validated_tip_snapshot_export
64,8635.618,23,verify_distinct_session_export
64,372.521,23,serialize_distinct_session_export
64,44284.837,24,validated_tip_end_to_end
64,43941.87,24,validated_tip_append_only
64,341.053,24,validated_tip_snapshot_export
64,8879.746,24,verify_distinct_session_export
64,393.283,24,serialize_distinct_session_export
64,47844.85,25,validated_tip_end_to_end
64,47472.699,25,validated_tip_append_only
64,370.498,25,validated_tip_snapshot_export
64,8655.528,25,verify_distinct_session_export
64,378.871,25,serialize_distinct_session_export
64,45150.902,26,validated_tip_end_to_end
64,44811.731,26,validated_tip_append_only
64,337.849,26,validated_tip_snapshot_export
64,9975.206,26,verify_distinct_session_export
64,384.098,26,serialize_distinct_session_export
64,44133.539,27,validated_tip_end_to_end
64,43734.498,27,validated_tip_append_only
64,397.158,27,validated_tip_snapshot_export
64,8509.258,27,verify_distinct_session_export
64,365.11,27,serialize_distinct_session_export
64,48723.714,28,validated_tip_end_to_end
64,48372.124,28,validated_tip_append_only
64,349.757,28,validated_tip_snapshot_export
64,9049.762,28,verify_distinct_session_export
64,368.055,28,serialize_distinct_session_export
64,44947.736,29,validated_tip_end_to_end
64,44596.356,29,validated_tip_append_only
64,350.077,29,validated_tip_snapshot_export
64,9022.952,29,verify_distinct_session_export
64,386.973,29,serialize_distinct_session_export
64,45012.303,30,validated_tip_end_to_end
64,44661.604,30,validated_tip_append_only
64,349.146,30,validated_tip_snapshot_export
64,8791.422,30,verify_distinct_session_export
64,384.679,30,serialize_distinct_session_export
64,419197.746,0,full_prefix_replay_end_to_end
64,355092.835,1,full_prefix_replay_end_to_end
64,356530.854,2,full_prefix_replay_end_to_end
64,366727.286,3,full_prefix_replay_end_to_end
64,355655.344,4,full_prefix_replay_end_to_end
64,354176.144,5,full_prefix_replay_end_to_end
64,361010.277,6,full_prefix_replay_end_to_end
128,89966.002,0,validated_tip_end_to_end
128,89267.629,0,validated_tip_append_only
128,695.769,0,validated_tip_snapshot_export
128,17141.322,0,verify_distinct_session_export
128,770.001,0,serialize_distinct_session_export
128,89438.768,1,validated_tip_end_to_end
128,88676.719,1,validated_tip_append_only
128,759.635,1,validated_tip_snapshot_export
128,16911.005,1,verify_distinct_session_export
128,742.88,1,serialize_distinct_session_export
128,96641.406,2,validated_tip_end_to_end
128,94298.443,2,validated_tip_append_only
128,2340.809,2,validated_tip_snapshot_export
128,17394.243,2,verify_distinct_session_export
128,743.612,2,serialize_distinct_session_export
128,91426.264,3,validated_tip_end_to_end
128,90532.386,3,validated_tip_append_only
128,891.804,3,validated_tip_snapshot_export
128,17129.294,3,verify_distinct_session_export
128,730.682,3,serialize_distinct_session_export
128,87964.955,4,validated_tip_end_to_end
128,87174.523,4,validated_tip_append_only
128,787.978,4,validated_tip_snapshot_export
128,16987.941,4,verify_distinct_session_export
128,721.538,4,serialize_distinct_session_export
128,88406.852,5,validated_tip_end_to_end
128,87619.395,5,validated_tip_append_only
128,785.404,5,validated_tip_snapshot_export
128,17300.762,5,verify_distinct_session_export
128,786.466,5,serialize_distinct_session_export
128,89795.285,6,validated_tip_end_to_end
128,88475.665,6,validated_tip_append_only
128,1317.556,6,validated_tip_snapshot_export
128,17035.573,6,verify_distinct_session_export
128,751.213,6,serialize_distinct_session_export
128,89201.689,7,validated_tip_end_to_end
128,88388.053,7,validated_tip_append_only
128,811.253,7,validated_tip_snapshot_export
128,17790.04,7,verify_distinct_session_export
128,753.886,7,serialize_distinct_session_export
128,89365.046,8,validated_tip_end_to_end
128,88568.405,8,validated_tip_append_only
128,794.037,8,validated_tip_snapshot_export
128,17014.771,8,verify_distinct_session_export
128,767.237,8,serialize_distinct_session_export
128,87962.321,9,validated_tip_end_to_end
128,87150.928,9,validated_tip_append_only
128,809.811,9,validated_tip_snapshot_export
128,16680.878,9,verify_distinct_session_export
128,756.16,9,serialize_distinct_session_export
128,88943.291,10,validated_tip_end_to_end
128,87731.874,10,validated_tip_append_only
128,1208.812,10,validated_tip_snapshot_export
128,16915.322,10,verify_distinct_session_export
128,778.163,10,serialize_distinct_session_export
128,88305.559,11,validated_tip_end_to_end
128,87508.748,11,validated_tip_append_only
128,795.089,11,validated_tip_snapshot_export
128,19293.347,11,verify_distinct_session_export
128,748.018,11,serialize_distinct_session_export
128,91587.034,12,validated_tip_end_to_end
128,90693.087,12,validated_tip_append_only
128,891.733,12,validated_tip_snapshot_export
128,16901.723,12,verify_distinct_session_export
128,723.901,12,serialize_distinct_session_export
128,87516.059,13,validated_tip_end_to_end
128,86743.115,13,validated_tip_append_only
128,770.962,13,validated_tip_snapshot_export
128,17102.737,13,verify_distinct_session_export
128,754.206,13,serialize_distinct_session_export
128,87900.188,14,validated_tip_end_to_end
128,86330.283,14,validated_tip_append_only
128,1567.793,14,validated_tip_snapshot_export
128,16599.168,14,verify_distinct_session_export
128,755.839,14,serialize_distinct_session_export
128,89748.953,15,validated_tip_end_to_end
128,88956.99,15,validated_tip_append_only
128,789.93,15,validated_tip_snapshot_export
128,16603.444,15,verify_distinct_session_export
128,815.919,15,serialize_distinct_session_export
128,89101.288,16,validated_tip_end_to_end
128,88316.366,16,validated_tip_append_only
128,783.28,16,validated_tip_snapshot_export
128,16665.969,16,verify_distinct_session_export
128,730.691,16,serialize_distinct_session_export
128,88992.584,17,validated_tip_end_to_end
128,88184.877,17,validated_tip_append_only
128,806.004,17,validated_tip_snapshot_export
128,17591.814,17,verify_distinct_session_export
128,763.089,17,serialize_distinct_session_export
128,87913.057,18,validated_tip_end_to_end
128,86454.93,18,validated_tip_append_only
128,1456.033,18,validated_tip_snapshot_export
128,17212.061,18,verify_distinct_session_export
128,779.444,18,serialize_distinct_session_export
128,88110.545,19,validated_tip_end_to_end
128,87331.732,19,validated_tip_append_only
128,776.691,19,validated_tip_snapshot_export
128,17354.706,19,verify_distinct_session_export
128,753.305,19,serialize_distinct_session_export
128,88911.422,20,validated_tip_end_to_end
128,88078.858,20,validated_tip_append_only
128,830.521,20,validated_tip_snapshot_export
128,17100.103,20,verify_distinct_session_export
128,930.712,20,serialize_distinct_session_export
128,94331.657,21,validated_tip_end_to_end
128,93467.595,21,validated_tip_append_only
128,861.658,21,validated_tip_snapshot_export
128,17519.305,21,verify_distinct_session_export
128,739.374,21,serialize_distinct_session_export
128,89761.262,22,validated_tip_end_to_end
128,88482.335,22,validated_tip_append_only
128,1276.994,22,validated_tip_snapshot_export
128,17035.095,22,verify_distinct_session_export
128,759.024,22,serialize_distinct_session_export
128,91397.102,23,validated_tip_end_to_end
128,90477.457,23,validated_tip_append_only
128,917.582,23,validated_tip_snapshot_export
128,19713.87,23,verify_distinct_session_export
128,789.419,23,serialize_distinct_session_export
128,93482.898,24,validated_tip_end_to_end
128,92665.537,24,validated_tip_append_only
128,815.248,24,validated_tip_snapshot_export
128,17719.987,24,verify_distinct_session_export
128,794.267,24,serialize_distinct_session_export
128,94153.278,25,validated_tip_end_to_end
128,93321.695,25,validated_tip_append_only
128,829.38,25,validated_tip_snapshot_export
128,18107.561,25,verify_distinct_session_export
128,768.358,25,serialize_distinct_session_export
128,111290.237,26,validated_tip_end_to_end
128,109855.165,26,validated_tip_append_only
128,1432.218,26,validated_tip_snapshot_export
128,18299.128,26,verify_distinct_session_export
128,845.424,26,serialize_distinct_session_export
128,102202.516,27,validated_tip_end_to_end
128,101385.215,27,validated_tip_append_only
128,815.349,27,validated_tip_snapshot_export
128,17820.268,27,verify_distinct_session_export
128,906.686,27,serialize_distinct_session_export
128,93072.972,28,validated_tip_end_to_end
128,92246.336,28,validated_tip_append_only
128,824.422,28,validated_tip_snapshot_export
128,17981.62,28,verify_distinct_session_export
128,788.979,28,serialize_distinct_session_export
128,93446.354,29,validated_tip_end_to_end
128,92422.531,29,validated_tip_append_only
128,1021.91,29,validated_tip_snapshot_export
128,19241.018,29,verify_distinct_session_export
128,803.25,29,serialize_distinct_session_export
128,96894.529,30,validated_tip_end_to_end
128,95491.125,30,validated_tip_append_only
128,1401.492,30,validated_tip_snapshot_export
128,17662.099,30,verify_distinct_session_export
128,780.235,30,serialize_distinct_session_export
128,1391249.632,0,full_prefix_replay_end_to_end
128,1351452.419,1,full_prefix_replay_end_to_end
128,1327540.631,2,full_prefix_replay_end_to_end
128,1328712.245,3,full_prefix_replay_end_to_end
128,1387889.905,4,full_prefix_replay_end_to_end
128,1332561.323,5,full_prefix_replay_end_to_end
128,1317230.805,6,full_prefix_replay_end_to_end
256,173072.825,0,validated_tip_end_to_end
256,171639.276,0,validated_tip_append_only
256,1431.156,0,validated_tip_snapshot_export
256,33507.261,0,verify_distinct_session_export
256,1476.714,0,serialize_distinct_session_export
256,177737.352,1,validated_tip_end_to_end
256,176234.748,1,validated_tip_append_only
256,1500.139,1,validated_tip_snapshot_export
256,35371.789,1,verify_distinct_session_export
256,1475.393,1,serialize_distinct_session_export
256,175276.034,2,validated_tip_end_to_end
256,173721.823,2,validated_tip_append_only
256,1552.038,2,validated_tip_snapshot_export
256,36280.028,2,verify_distinct_session_export
256,1692.179,2,serialize_distinct_session_export
256,183750.058,3,validated_tip_end_to_end
256,182181.505,3,validated_tip_append_only
256,1566.389,3,validated_tip_snapshot_export
256,34840.229,3,verify_distinct_session_export
256,1865.289,3,serialize_distinct_session_export
256,181767.131,4,validated_tip_end_to_end
256,180134.952,4,validated_tip_append_only
256,1629.695,4,validated_tip_snapshot_export
256,35379.481,4,verify_distinct_session_export
256,1530.876,4,serialize_distinct_session_export
256,183662.445,5,validated_tip_end_to_end
256,180006.178,5,validated_tip_append_only
256,3653.693,5,validated_tip_snapshot_export
256,33425.868,5,verify_distinct_session_export
256,1721.763,5,serialize_distinct_session_export
256,173880.722,6,validated_tip_end_to_end
256,172250.817,6,validated_tip_append_only
256,1627.491,6,validated_tip_snapshot_export
256,33730.196,6,verify_distinct_session_export
256,1685.459,6,serialize_distinct_session_export
256,171773.638,7,validated_tip_end_to_end
256,170181.981,7,validated_tip_append_only
256,1589.584,7,validated_tip_snapshot_export
256,33196.172,7,verify_distinct_session_export
256,1613.039,7,serialize_distinct_session_export
256,170993.122,8,validated_tip_end_to_end
256,169458.741,8,validated_tip_append_only
256,1532.409,8,validated_tip_snapshot_export
256,34312.474,8,verify_distinct_session_export
256,1640.551,8,serialize_distinct_session_export
256,176507.629,9,validated_tip_end_to_end
256,174966.818,9,validated_tip_append_only
256,1538.558,9,validated_tip_snapshot_export
256,33542.073,9,verify_distinct_session_export
256,1516.985,9,serialize_distinct_session_export
256,172887.727,10,validated_tip_end_to_end
256,171251.232,10,validated_tip_append_only
256,1634.101,10,validated_tip_snapshot_export
256,34918.507,10,verify_distinct_session_export
256,1622.184,10,serialize_distinct_session_export
256,186487.782,11,validated_tip_end_to_end
256,184848.783,11,validated_tip_append_only
256,1636.605,11,validated_tip_snapshot_export
256,32899.515,11,verify_distinct_session_export
256,1528.222,11,serialize_distinct_session_export
256,177110.257,12,validated_tip_end_to_end
256,175522.095,12,validated_tip_append_only
256,1586.52,12,validated_tip_snapshot_export
256,35091.397,12,verify_distinct_session_export
256,1645.879,12,serialize_distinct_session_export
256,175521.663,13,validated_tip_end_to_end
256,173932.199,13,validated_tip_append_only
256,1587.131,13,validated_tip_snapshot_export
256,35200.141,13,verify_distinct_session_export
256,1530.856,13,serialize_distinct_session_export
256,183429.154,14,validated_tip_end_to_end
256,181816.595,14,validated_tip_append_only
256,1610.495,14,validated_tip_snapshot_export
256,32966.707,14,verify_distinct_session_export
256,1590.325,14,serialize_distinct_session_export
256,181003.792,15,validated_tip_end_to_end
256,179270.3,15,validated_tip_append_only
256,1731.117,15,validated_tip_snapshot_export
256,33616.736,15,verify_distinct_session_export
256,1709.305,15,serialize_distinct_session_export
256,175460.391,16,validated_tip_end_to_end
256,173833.451,16,validated_tip_append_only
256,1624.757,16,validated_tip_snapshot_export
256,33667.242,16,verify_distinct_session_export
256,1768.313,16,serialize_distinct_session_export
256,248221.9,17,validated_tip_end_to_end
256,246287.737,17,validated_tip_append_only
256,1931.259,17,validated_tip_snapshot_export
256,33718.539,17,verify_distinct_session_export
256,1728.844,17,serialize_distinct_session_export
256,185250.999,18,validated_tip_end_to_end
256,183463.467,18,validated_tip_append_only
256,1785.449,18,validated_tip_snapshot_export
256,34497.112,18,verify_distinct_session_export
256,1582.684,18,serialize_distinct_session_export
256,174167.835,19,validated_tip_end_to_end
256,172553.252,19,validated_tip_append_only
256,1612.318,19,validated_tip_snapshot_export
256,32865.574,19,verify_distinct_session_export
256,1662.023,19,serialize_distinct_session_export
256,173141.238,20,validated_tip_end_to_end
256,171381.588,20,validated_tip_append_only
256,1757.367,20,validated_tip_snapshot_export
256,36646.129,20,verify_distinct_session_export
256,1679.379,20,serialize_distinct_session_export
256,172443.717,21,validated_tip_end_to_end
256,170889.757,21,validated_tip_append_only
256,1551.246,21,validated_tip_snapshot_export
256,34389.31,21,verify_distinct_session_export
256,1622.694,21,serialize_distinct_session_export
256,175209.403,22,validated_tip_end_to_end
256,173431.866,22,validated_tip_append_only
256,1774.964,22,validated_tip_snapshot_export
256,35281.414,22,verify_distinct_session_export
256,1560.951,22,serialize_distinct_session_export
256,184201.898,23,validated_tip_end_to_end
256,182304.941,23,validated_tip_append_only
256,1894.644,23,validated_tip_snapshot_export
256,33606.57,23,verify_distinct_session_export
256,1575.683,23,serialize_distinct_session_export
256,179535.94,24,validated_tip_end_to_end
256,177888.989,24,validated_tip_append_only
256,1645.158,24,validated_tip_snapshot_export
256,33559.931,24,verify_distinct_session_export
256,1673.47,24,serialize_distinct_session_export
256,182378.212,25,validated_tip_end_to_end
256,180790.18,25,validated_tip_append_only
256,1586.019,25,validated_tip_snapshot_export
256,34660.308,25,verify_distinct_session_export
256,1569.615,25,serialize_distinct_session_export
256,175343.345,26,validated_tip_end_to_end
256,173131.374,26,validated_tip_append_only
256,2208.947,26,validated_tip_snapshot_export
256,33231.015,26,verify_distinct_session_export
256,1644.116,26,serialize_distinct_session_export
256,178880.813,27,validated_tip_end_to_end
256,177088.723,27,validated_tip_append_only
256,1789.926,27,validated_tip_snapshot_export
256,33376.945,27,verify_distinct_session_export
256,1561.943,27,serialize_distinct_session_export
256,173757.296,28,validated_tip_end_to_end
256,171642.39,28,validated_tip_append_only
256,2112.182,28,validated_tip_snapshot_export
256,37232.955,28,verify_distinct_session_export
256,1655.104,28,serialize_distinct_session_export
256,176214.17,29,validated_tip_end_to_end
256,173843.108,29,validated_tip_append_only
256,2350.812,29,validated_tip_snapshot_export
256,35126.333,29,verify_distinct_session_export
256,1669.265,29,serialize_distinct_session_export
256,185806.028,30,validated_tip_end_to_end
256,184073.509,30,validated_tip_append_only
256,1729.736,30,validated_tip_snapshot_export
256,38837.543,30,verify_distinct_session_export
256,1947.634,30,serialize_distinct_session_export
256,5209174.076,0,full_prefix_replay_end_to_end
256,5204469.424,1,full_prefix_replay_end_to_end
256,5121403.794,2,full_prefix_replay_end_to_end
256,5080800.287,3,full_prefix_replay_end_to_end
256,5127041.168,4,full_prefix_replay_end_to_end
256,5038613.567,5,full_prefix_replay_end_to_end
256,5035957.208,6,full_prefix_replay_end_to_end
512,371687.246,0,validated_tip_end_to_end
512,368749.623,0,validated_tip_append_only
512,2934.839,0,validated_tip_snapshot_export
512,68279.728,0,verify_distinct_session_export
512,3127.24,0,serialize_distinct_session_export
512,357575.021,1,validated_tip_end_to_end
512,354770.888,1,validated_tip_append_only
512,2800.898,1,validated_tip_snapshot_export
512,67551.782,1,verify_distinct_session_export
512,3133.339,1,serialize_distinct_session_export
512,384454.402,2,validated_tip_end_to_end
512,381404.759,2,validated_tip_append_only
512,3047.169,2,validated_tip_snapshot_export
512,70895.758,2,verify_distinct_session_export
512,3570.137,2,serialize_distinct_session_export
512,359982.857,3,validated_tip_end_to_end
512,356839.754,3,validated_tip_append_only
512,3140.18,3,validated_tip_snapshot_export
512,67525.682,3,verify_distinct_session_export
512,3178.978,3,serialize_distinct_session_export
512,355006.293,4,validated_tip_end_to_end
512,351998.553,4,validated_tip_append_only
512,3005.236,4,validated_tip_snapshot_export
512,66720.61,4,verify_distinct_session_export
512,3270.415,4,serialize_distinct_session_export
512,355061.557,5,validated_tip_end_to_end
512,352155.24,5,validated_tip_append_only
512,2904.374,5,validated_tip_snapshot_export
512,66731.006,5,verify_distinct_session_export
512,3195.201,5,serialize_distinct_session_export
512,354006.418,6,validated_tip_end_to_end
512,351021.523,6,validated_tip_append_only
512,2983.102,6,validated_tip_snapshot_export
512,70555.996,6,verify_distinct_session_export
512,3362.755,6,serialize_distinct_session_export
512,354148.56,7,validated_tip_end_to_end
512,351158.628,7,validated_tip_append_only
512,2987.529,7,validated_tip_snapshot_export
512,70102.535,7,verify_distinct_session_export
512,3674.072,7,serialize_distinct_session_export
512,425444.805,8,validated_tip_end_to_end
512,422228.101,8,validated_tip_append_only
512,3213.719,8,validated_tip_snapshot_export
512,66476.059,8,verify_distinct_session_export
512,3215.012,8,serialize_distinct_session_export
512,348740.578,9,validated_tip_end_to_end
512,345241.649,9,validated_tip_append_only
512,3496.566,9,validated_tip_snapshot_export
512,66085.737,9,verify_distinct_session_export
512,3603.657,9,serialize_distinct_session_export
512,350430.943,10,validated_tip_end_to_end
512,347230.133,10,validated_tip_append_only
512,3198.046,10,validated_tip_snapshot_export
512,67268.128,10,verify_distinct_session_export
512,3350.435,10,serialize_distinct_session_export
512,349786.693,11,validated_tip_end_to_end
512,346833.856,11,validated_tip_append_only
512,2950.343,11,validated_tip_snapshot_export
512,66641.504,11,verify_distinct_session_export
512,3447.221,11,serialize_distinct_session_export
512,372423.661,12,validated_tip_end_to_end
512,368976.8,12,validated_tip_append_only
512,3444.147,12,validated_tip_snapshot_export
512,72115.867,12,verify_distinct_session_export
512,3587.312,12,serialize_distinct_session_export
512,354731.479,13,validated_tip_end_to_end
512,351459.672,13,validated_tip_append_only
512,3269.343,13,validated_tip_snapshot_export
512,70680.525,13,verify_distinct_session_export
512,3632.721,13,serialize_distinct_session_export
512,380403.077,14,validated_tip_end_to_end
512,376906.432,14,validated_tip_append_only
512,3493.982,14,validated_tip_snapshot_export
512,72414.888,14,verify_distinct_session_export
512,4329.951,14,serialize_distinct_session_export
512,365456.829,15,validated_tip_end_to_end
512,362365.795,15,validated_tip_append_only
512,3088.772,15,validated_tip_snapshot_export
512,68077.662,15,verify_distinct_session_export
512,4928.912,15,serialize_distinct_session_export
512,400417.476,16,validated_tip_end_to_end
512,396908.382,16,validated_tip_append_only
512,3506.831,16,validated_tip_snapshot_export
512,73110.715,16,verify_distinct_session_export
512,3717.618,16,serialize_distinct_session_export
512,382471.833,17,validated_tip_end_to_end
512,378344.988,17,validated_tip_append_only
512,4124.19,17,validated_tip_snapshot_export
512,70634.737,17,verify_distinct_session_export
512,3685.229,17,serialize_distinct_session_export
512,384325.895,18,validated_tip_end_to_end
512,380963.201,18,validated_tip_append_only
512,3360.19,18,validated_tip_snapshot_export
512,95503.915,18,verify_distinct_session_export
512,3928.426,18,serialize_distinct_session_export
512,449167.868,19,validated_tip_end_to_end
512,445754.979,19,validated_tip_append_only
512,3410.476,19,validated_tip_snapshot_export
512,66108.36,19,verify_distinct_session_export
512,3404.386,19,serialize_distinct_session_export
512,347128.79,20,validated_tip_end_to_end
512,344183.255,20,validated_tip_append_only
512,2943.012,20,validated_tip_snapshot_export
512,66506.261,20,verify_distinct_session_export
512,3479.019,20,serialize_distinct_session_export
512,350270.932,21,validated_tip_end_to_end
512,347372.357,21,validated_tip_append_only
512,2896.232,21,validated_tip_snapshot_export
512,66649.435,21,verify_distinct_session_export
512,3429.464,21,serialize_distinct_session_export
512,353993.508,22,validated_tip_end_to_end
512,350969.514,22,validated_tip_append_only
512,3021.32,22,validated_tip_snapshot_export
512,67107.925,22,verify_distinct_session_export
512,3769.506,22,serialize_distinct_session_export
512,350085.913,23,validated_tip_end_to_end
512,347116.612,23,validated_tip_append_only
512,2966.457,23,validated_tip_snapshot_export
512,66824.72,23,verify_distinct_session_export
512,3384.206,23,serialize_distinct_session_export
512,354742.215,24,validated_tip_end_to_end
512,351874.717,24,validated_tip_append_only
512,2865.075,24,validated_tip_snapshot_export
512,66514.422,24,verify_distinct_session_export
512,3591.589,24,serialize_distinct_session_export
512,353578.535,25,validated_tip_end_to_end
512,349972.615,25,validated_tip_append_only
512,3603.006,25,validated_tip_snapshot_export
512,69390.747,25,verify_distinct_session_export
512,3412.119,25,serialize_distinct_session_export
512,355736.05,26,validated_tip_end_to_end
512,352835.592,26,validated_tip_append_only
512,2898.114,26,validated_tip_snapshot_export
512,68868.59,26,verify_distinct_session_export
512,3563.046,26,serialize_distinct_session_export
512,350666.635,27,validated_tip_end_to_end
512,347731.005,27,validated_tip_append_only
512,2933.267,27,validated_tip_snapshot_export
512,66771.943,27,verify_distinct_session_export
512,3361.292,27,serialize_distinct_session_export
512,352520.948,28,validated_tip_end_to_end
512,349349.342,28,validated_tip_append_only
512,3169.494,28,validated_tip_snapshot_export
512,66898.794,28,verify_distinct_session_export
512,3392.138,28,serialize_distinct_session_export
512,353478.901,29,validated_tip_end_to_end
512,350568.318,29,validated_tip_append_only
512,2908.53,29,validated_tip_snapshot_export
512,68113.363,29,verify_distinct_session_export
512,3351.857,29,serialize_distinct_session_export
512,425790.727,30,validated_tip_end_to_end
512,422688.655,30,validated_tip_append_only
512,3099.759,30,validated_tip_snapshot_export
512,69737.89,30,verify_distinct_session_export
512,3428.123,30,serialize_distinct_session_export
1024,704234.729,0,validated_tip_end_to_end
1024,698444.107,0,validated_tip_append_only
1024,5787.216,0,validated_tip_snapshot_export
1024,133104.715,0,verify_distinct_session_export
1024,6581.252,0,serialize_distinct_session_export
1024,710689.276,1,validated_tip_end_to_end
1024,704883.262,1,validated_tip_append_only
1024,5803.24,1,validated_tip_snapshot_export
1024,135480.453,1,verify_distinct_session_export
1024,6589.234,1,serialize_distinct_session_export
1024,703696.8,2,validated_tip_end_to_end
1024,697658.997,2,validated_tip_append_only
1024,6035.439,2,validated_tip_snapshot_export
1024,135776.53,2,verify_distinct_session_export
1024,6490.585,2,serialize_distinct_session_export
1024,713250.629,3,validated_tip_end_to_end
1024,706442.305,3,validated_tip_append_only
1024,6805.801,3,validated_tip_snapshot_export
1024,136205.286,3,verify_distinct_session_export
1024,7242.878,3,serialize_distinct_session_export
1024,819816.145,4,validated_tip_end_to_end
1024,813035.803,4,validated_tip_append_only
1024,6777.167,4,validated_tip_snapshot_export
1024,137522.68,4,verify_distinct_session_export
1024,6675.164,4,serialize_distinct_session_export
1024,729045.948,5,validated_tip_end_to_end
1024,722821.193,5,validated_tip_append_only
1024,6222.371,5,validated_tip_snapshot_export
1024,132267.074,5,verify_distinct_session_export
1024,6320.489,5,serialize_distinct_session_export
1024,697446.808,6,validated_tip_end_to_end
1024,691385.219,6,validated_tip_append_only
1024,6059.266,6,validated_tip_snapshot_export
1024,132804.954,6,verify_distinct_session_export
1024,6542.784,6,serialize_distinct_session_export
1024,708146.001,7,validated_tip_end_to_end
1024,701908.697,7,validated_tip_append_only
1024,6234.92,7,validated_tip_snapshot_export
1024,133121.04,7,verify_distinct_session_export
1024,6361.361,7,serialize_distinct_session_export
1024,713282.531,8,validated_tip_end_to_end
1024,707091.277,8,validated_tip_append_only
1024,6188.911,8,validated_tip_snapshot_export
1024,130409.386,8,verify_distinct_session_export
1024,6461.802,8,serialize_distinct_session_export
1024,755675.502,9,validated_tip_end_to_end
1024,749258.757,9,validated_tip_append_only
1024,6414.361,9,validated_tip_snapshot_export
1024,133186.217,9,verify_distinct_session_export
1024,6423.415,9,serialize_distinct_session_export
1024,700024.088,10,validated_tip_end_to_end
1024,692433.625,10,validated_tip_append_only
1024,7587.688,10,validated_tip_snapshot_export
1024,135445.96,10,verify_distinct_session_export
1024,7458.034,10,serialize_distinct_session_export
1024,708104.102,11,validated_tip_end_to_end
1024,702099.468,11,validated_tip_append_only
1024,6002.411,11,validated_tip_snapshot_export
1024,133411.826,11,verify_distinct_session_export
1024,6574.964,11,serialize_distinct_session_export
1024,724835.985,12,validated_tip_end_to_end
1024,718887.316,12,validated_tip_append_only
1024,5946.416,12,validated_tip_snapshot_export
1024,134435.859,12,verify_distinct_session_export
1024,6742.586,12,serialize_distinct_session_export
1024,710979.353,13,validated_tip_end_to_end
1024,704867.477,13,validated_tip_append_only
1024,6108.871,13,validated_tip_snapshot_export
1024,134693.707,13,verify_distinct_session_export
1024,6879.542,13,serialize_distinct_session_export
1024,786709.744,14,validated_tip_end_to_end
1024,780240.351,14,validated_tip_append_only
1024,6467.2,14,validated_tip_snapshot_export
1024,135604.939,14,verify_distinct_session_export
1024,6822.705,14,serialize_distinct_session_export
1024,717258.027,15,validated_tip_end_to_end
1024,710471.246,15,validated_tip_append_only
1024,6784.478,15,validated_tip_snapshot_export
1024,138741.613,15,verify_distinct_session_export
1024,6959.902,15,serialize_distinct_session_export
1024,725512.734,16,validated_tip_end_to_end
1024,718739.533,16,validated_tip_append_only
1024,6770.667,16,validated_tip_snapshot_export
1024,137806.806,16,verify_distinct_session_export
1024,7001.585,16,serialize_distinct_session_export
1024,715821.558,17,validated_tip_end_to_end
1024,709483.163,17,validated_tip_append_only
1024,6336.002,17,validated_tip_snapshot_export
1024,138354.15,17,verify_distinct_session_export
1024,7167.875,17,serialize_distinct_session_export
1024,721599.671,18,validated_tip_end_to_end
1024,715174.474,18,validated_tip_append_only
1024,6423.124,18,validated_tip_snapshot_export
1024,136859.148,18,verify_distinct_session_export
1024,6994.784,18,serialize_distinct_session_export
1024,723802.819,19,validated_tip_end_to_end
1024,717362.139,19,validated_tip_append_only
1024,6438.226,19,validated_tip_snapshot_export
1024,133068.379,19,verify_distinct_session_export
1024,6571.818,19,serialize_distinct_session_export
1024,792027.094,20,validated_tip_end_to_end
1024,785280.784,20,validated_tip_append_only
1024,6743.816,20,validated_tip_snapshot_export
1024,135201.892,20,verify_distinct_session_export
1024,6743.076,20,serialize_distinct_session_export
1024,716222.193,21,validated_tip_end_to_end
1024,709786.11,21,validated_tip_append_only
1024,6433.659,21,validated_tip_snapshot_export
1024,134099.263,21,verify_distinct_session_export
1024,6873.662,21,serialize_distinct_session_export
1024,713726.734,22,validated_tip_end_to_end
1024,707124.011,22,validated_tip_append_only
1024,6600.429,22,validated_tip_snapshot_export
1024,133972.321,22,verify_distinct_session_export
1024,6902.996,22,serialize_distinct_session_export
1024,704185.371,23,validated_tip_end_to_end
1024,697832.674,23,validated_tip_append_only
1024,6350.383,23,validated_tip_snapshot_export
1024,137956.431,23,verify_distinct_session_export
1024,7063.588,23,serialize_distinct_session_export
1024,732327.307,24,validated_tip_end_to_end
1024,724556.464,24,validated_tip_append_only
1024,7768.219,24,validated_tip_snapshot_export
1024,131031.742,24,verify_distinct_session_export
1024,7105.101,24,serialize_distinct_session_export
1024,762931.276,25,validated_tip_end_to_end
1024,755478.172,25,validated_tip_append_only
1024,7450.741,25,validated_tip_snapshot_export
1024,130757.47,25,verify_distinct_session_export
1024,6657.075,25,serialize_distinct_session_export
1024,700352.754,26,validated_tip_end_to_end
1024,694313.519,26,validated_tip_append_only
1024,6037.042,26,validated_tip_snapshot_export
1024,132911.052,26,verify_distinct_session_export
1024,6983.407,26,serialize_distinct_session_export
1024,695611.476,27,validated_tip_end_to_end
1024,689048.112,27,validated_tip_append_only
1024,6560.62,27,validated_tip_snapshot_export
1024,140567.04,27,verify_distinct_session_export
1024,6970.036,27,serialize_distinct_session_export
1024,750624.386,28,validated_tip_end_to_end
1024,743669.703,28,validated_tip_append_only
1024,6951.658,28,validated_tip_snapshot_export
1024,140744.357,28,verify_distinct_session_export
1024,8352.197,28,serialize_distinct_session_export
1024,716628.215,29,validated_tip_end_to_end
1024,710176.008,29,validated_tip_append_only
1024,6450.064,29,validated_tip_snapshot_export
1024,130997.68,29,verify_distinct_session_export
1024,6869.024,29,serialize_distinct_session_export
1024,778965.755,30,validated_tip_end_to_end
1024,772462.742,30,validated_tip_append_only
1024,6500.779,30,validated_tip_snapshot_export
1024,130278.296,30,verify_distinct_session_export
1024,6817.056,30,serialize_distinct_session_export
2048,1407969.998,0,validated_tip_end_to_end
2048,1395580.34,0,validated_tip_append_only
2048,12361.686,0,validated_tip_snapshot_export
2048,268897.091,0,verify_distinct_session_export
2048,12761.608,0,serialize_distinct_session_export
2048,1419127.494,1,validated_tip_end_to_end
2048,1407135.014,1,validated_tip_append_only
2048,11988.864,1,validated_tip_snapshot_export
2048,276376.705,1,verify_distinct_session_export
2048,12641.738,1,serialize_distinct_session_export
2048,1485420.102,2,validated_tip_end_to_end
2048,1473331.066,2,validated_tip_append_only
2048,12085.691,2,validated_tip_snapshot_export
2048,266613.111,2,verify_distinct_session_export
2048,12772.354,2,serialize_distinct_session_export
2048,1395773.234,3,validated_tip_end_to_end
2048,1382422.519,3,validated_tip_append_only
2048,13347.13,3,validated_tip_snapshot_export
2048,269494.081,3,verify_distinct_session_export
2048,13770.137,3,serialize_distinct_session_export
2048,1504628.637,4,validated_tip_end_to_end
2048,1492975.498,4,validated_tip_append_only
2048,11650.094,4,validated_tip_snapshot_export
2048,264961.976,4,verify_distinct_session_export
2048,13017.154,4,serialize_distinct_session_export
2048,1401890.741,5,validated_tip_end_to_end
2048,1389790.248,5,validated_tip_append_only
2048,12097.719,5,validated_tip_snapshot_export
2048,266008.793,5,verify_distinct_session_export
2048,13859.652,5,serialize_distinct_session_export
2048,1417660.659,6,validated_tip_end_to_end
2048,1405417.382,6,validated_tip_append_only
2048,12240.393,6,validated_tip_snapshot_export
2048,268888.459,6,verify_distinct_session_export
2048,13285.136,6,serialize_distinct_session_export
2048,1502243.746,7,validated_tip_end_to_end
2048,1489782.2,7,validated_tip_append_only
2048,12458.531,7,validated_tip_snapshot_export
2048,266129.577,7,verify_distinct_session_export
2048,12930.134,7,serialize_distinct_session_export
2048,1475065.173,8,validated_tip_end_to_end
2048,1462567.331,8,validated_tip_append_only
2048,12494.999,8,validated_tip_snapshot_export
2048,286139.821,8,verify_distinct_session_export
2048,13665.712,8,serialize_distinct_session_export
2048,1389167.599,9,validated_tip_end_to_end
2048,1376838.32,9,validated_tip_append_only
2048,12326.304,9,validated_tip_snapshot_export
2048,262888.262,9,verify_distinct_session_export
2048,13174.622,9,serialize_distinct_session_export
2048,1493629.386,10,validated_tip_end_to_end
2048,1478565.16,10,validated_tip_append_only
2048,15061.02,10,validated_tip_snapshot_export
2048,271724.441,10,verify_distinct_session_export
2048,13543.957,10,serialize_distinct_session_export
2048,1430371.447,11,validated_tip_end_to_end
2048,1418327.41,11,validated_tip_append_only
2048,12040.822,11,validated_tip_snapshot_export
2048,265788.603,11,verify_distinct_session_export
2048,13057.243,11,serialize_distinct_session_export
2048,1497798.988,12,validated_tip_end_to_end
2048,1485282.175,12,validated_tip_append_only
2048,12513.979,12,validated_tip_snapshot_export
2048,266661.394,12,verify_distinct_session_export
2048,13156.386,12,serialize_distinct_session_export
2048,1402502.997,13,validated_tip_end_to_end
2048,1390411.124,13,validated_tip_append_only
2048,12088.939,13,validated_tip_snapshot_export
2048,270210.338,13,verify_distinct_session_export
2048,13025.949,13,serialize_distinct_session_export
2048,1400130.713,14,validated_tip_end_to_end
2048,1386574.966,14,validated_tip_append_only
2048,13552.604,14,validated_tip_snapshot_export
2048,272860.741,14,verify_distinct_session_export
2048,13483.148,14,serialize_distinct_session_export
2048,1540075.09,15,validated_tip_end_to_end
2048,1527333.632,15,validated_tip_append_only
2048,12738.333,15,validated_tip_snapshot_export
2048,272969.851,15,verify_distinct_session_export
2048,13999.983,15,serialize_distinct_session_export
2048,1483341.025,16,validated_tip_end_to_end
2048,1470517.544,16,validated_tip_append_only
2048,12820.156,16,validated_tip_snapshot_export
2048,275373.96,16,verify_distinct_session_export
2048,14152.393,16,serialize_distinct_session_export
2048,1561721.479,17,validated_tip_end_to_end
2048,1440667.869,17,validated_tip_append_only
2048,121048.903,17,validated_tip_snapshot_export
2048,268478.448,17,verify_distinct_session_export
2048,13792.773,17,serialize_distinct_session_export
2048,1403326.18,18,validated_tip_end_to_end
2048,1390837.31,18,validated_tip_append_only
2048,12485.795,18,validated_tip_snapshot_export
2048,263728.233,18,verify_distinct_session_export
2048,13600.313,18,serialize_distinct_session_export
2048,1396499.951,19,validated_tip_end_to_end
2048,1384168.218,19,validated_tip_append_only
2048,12329.089,19,validated_tip_snapshot_export
2048,262476.397,19,verify_distinct_session_export
2048,13760.284,19,serialize_distinct_session_export
2048,1585428.978,20,validated_tip_end_to_end
2048,1572666.708,20,validated_tip_append_only
2048,12759.406,20,validated_tip_snapshot_export
2048,269767.912,20,verify_distinct_session_export
2048,14514.429,20,serialize_distinct_session_export
2048,1444459.366,21,validated_tip_end_to_end
2048,1431168.449,21,validated_tip_append_only
2048,13287.682,21,validated_tip_snapshot_export
2048,284594.489,21,verify_distinct_session_export
2048,14399.266,21,serialize_distinct_session_export
2048,1425526.275,22,validated_tip_end_to_end
2048,1412491.484,22,validated_tip_append_only
2048,13031.626,22,validated_tip_snapshot_export
2048,272486.925,22,verify_distinct_session_export
2048,14440.228,22,serialize_distinct_session_export
2048,1523177.912,23,validated_tip_end_to_end
2048,1510311.194,23,validated_tip_append_only
2048,12863.743,23,validated_tip_snapshot_export
2048,270847.717,23,verify_distinct_session_export
2048,14327.067,23,serialize_distinct_session_export
2048,1436283.816,24,validated_tip_end_to_end
2048,1420982.111,24,validated_tip_append_only
2048,15298.249,24,validated_tip_snapshot_export
2048,268921.446,24,verify_distinct_session_export
2048,14270.382,24,serialize_distinct_session_export
2048,1518255.884,25,validated_tip_end_to_end
2048,1398348.77,25,validated_tip_append_only
2048,119902.788,25,validated_tip_snapshot_export
2048,276655.274,25,verify_distinct_session_export
2048,15716.339,25,serialize_distinct_session_export
2048,1487932.585,26,validated_tip_end_to_end
2048,1474934.46,26,validated_tip_append_only
2048,12994.51,26,validated_tip_snapshot_export
2048,276845.721,26,verify_distinct_session_export
2048,14210.931,26,serialize_distinct_session_export
2048,1413692.532,27,validated_tip_end_to_end
2048,1399387.729,27,validated_tip_append_only
2048,14301.348,27,validated_tip_snapshot_export
2048,265737.472,27,verify_distinct_session_export
2048,14429.2,27,serialize_distinct_session_export
2048,1509158.138,28,validated_tip_end_to_end
2048,1495739.92,28,validated_tip_append_only
2048,13414.903,28,validated_tip_snapshot_export
2048,265170.043,28,verify_distinct_session_export
2048,13714.505,28,serialize_distinct_session_export
2048,1396840.562,29,validated_tip_end_to_end
2048,1383719.301,29,validated_tip_append_only
2048,13118.286,29,validated_tip_snapshot_export
2048,271745.591,29,verify_distinct_session_export
2048,15138.118,29,serialize_distinct_session_export
2048,1460922.077,30,validated_tip_end_to_end
2048,1447773.184,30,validated_tip_append_only
2048,13146.149,30,validated_tip_snapshot_export
2048,269631.509,30,verify_distinct_session_export
2048,13810.009,30,serialize_distinct_session_export
