case,group,accepted,rejected
record-0-version,record_field,False,True
record-0-chain_id,record_field,False,True
record-0-index,record_field,False,True
record-0-parent,record_field,False,True
record-0-binder,record_field,False,True
record-0-actor,record_field,False,True
record-0-operation,record_field,False,True
record-0-metadata,record_field,False,True
record-0-context,record_field,False,True
record-0-signature,record_field,False,True
record-1-version,record_field,False,True
record-1-chain_id,record_field,False,True
record-1-index,record_field,False,True
record-1-parent,record_field,False,True
record-1-binder,record_field,False,True
record-1-actor,record_field,False,True
record-1-operation,record_field,False,True
record-1-metadata,record_field,False,True
record-1-context,record_field,False,True
record-1-signature,record_field,False,True
record-2-version,record_field,False,True
record-2-chain_id,record_field,False,True
record-2-index,record_field,False,True
record-2-parent,record_field,False,True
record-2-binder,record_field,False,True
record-2-actor,record_field,False,True
record-2-operation,record_field,False,True
record-2-metadata,record_field,False,True
record-2-context,record_field,False,True
record-2-signature,record_field,False,True
empty,chain_language,False,True
truncated,chain_language,False,True
duplicate-tip,chain_language,False,True
reordered,chain_language,False,True
extra-field,chain_language,False,True
missing-field,chain_language,False,True
nonrecord,chain_language,False,True
not-object,artifact,False,True
missing-envelope,artifact,False,True
envelope-type,artifact,False,True
envelope-extra,artifact,False,True
envelope-missing-tag,artifact,False,True
backend-version,artifact,False,True
payload-short,artifact,False,True
tag-change,artifact,False,True
host-change,artifact,False,True
transplant,artifact,False,True
