n,t,sample_index,legacy_subsets,residual_read_us,subset_read_us,subset_status,residual_payload_correct,subset_payload_correct
5,3,0,10,552.913,8403.248,measured,True,True
5,3,1,10,691.582,8669.67,measured,True,True
5,3,2,10,591.14,8749.661,measured,True,True
5,3,3,10,553.083,8252.672,measured,True,True
5,3,4,10,550.459,8160.774,measured,True,True
5,3,5,10,657.891,8187.884,measured,True,True
5,3,6,10,702.208,8214.835,measured,True,True
5,3,7,10,541.296,8871.064,measured,True,True
5,3,8,10,645.553,8533.576,measured,True,True
5,3,9,10,574.005,8454.846,measured,True,True
5,3,10,10,646.584,8265.742,measured,True,True
5,3,11,10,558.231,8271.3,measured,True,True
5,3,12,10,554.455,8070.478,measured,True,True
5,3,13,10,549.338,8617.342,measured,True,True
5,3,14,10,789.81,8396.839,measured,True,True
5,3,15,10,555.808,8314.135,measured,True,True
5,3,16,10,599.754,8470.901,measured,True,True
5,3,17,10,543.589,8270.499,measured,True,True
5,3,18,10,637.801,8183.018,measured,True,True
5,3,19,10,669.358,8790.442,measured,True,True
5,3,20,10,559.453,8239.483,measured,True,True
5,3,21,10,547.195,8128.956,measured,True,True
5,3,22,10,559.172,8141.355,measured,True,True
5,3,23,10,572.192,8138.069,measured,True,True
5,3,24,10,565.722,8488.097,measured,True,True
5,3,25,10,566.964,8136.167,measured,True,True
5,3,26,10,563.479,8262.357,measured,True,True
5,3,27,10,693.365,8151.07,measured,True,True
5,3,28,10,550.5,8058.649,measured,True,True
5,3,29,10,544.921,8320.544,measured,True,True
5,3,30,10,554.606,8633.356,measured,True,True
10,5,0,252,2371.082,586622.304,measured,True,True
10,5,1,252,2278.452,571534.498,measured,True,True
10,5,2,252,2325.482,578803.138,measured,True,True
10,5,3,252,2566.295,568599.17,measured,True,True
10,5,4,252,2410.56,575654.196,measured,True,True
10,5,5,252,2315.907,643560.673,measured,True,True
10,5,6,252,2495.438,838811.689,measured,True,True
10,5,7,252,4976.335,571149.271,measured,True,True
10,5,8,252,2327.636,581131.511,measured,True,True
10,5,9,252,2312.794,567080.145,measured,True,True
10,5,10,252,2337.351,575028.678,measured,True,True
10,5,11,252,2294.647,586436.577,measured,True,True
10,5,12,252,2319.123,588604.949,measured,True,True
10,5,13,252,2867.68,593488.904,measured,True,True
10,5,14,252,2316.599,586458.205,measured,True,True
10,5,15,252,2665.055,576516.389,measured,True,True
10,5,16,252,2876.032,591852.132,measured,True,True
10,5,17,252,2313.535,574716.782,measured,True,True
10,5,18,252,2426.705,581903.076,measured,True,True
10,5,19,252,2294.746,580030.184,measured,True,True
10,5,20,252,2307.245,588630.738,measured,True,True
10,5,21,252,2361.466,581396.647,measured,True,True
10,5,22,252,2417.761,580582.923,measured,True,True
10,5,23,252,2310.881,578173.725,measured,True,True
10,5,24,252,2334.766,576121.094,measured,True,True
10,5,25,252,2363.389,586961.852,measured,True,True
10,5,26,252,2319.293,576947.928,measured,True,True
10,5,27,252,2431.202,579621.925,measured,True,True
10,5,28,252,2297.751,582982.277,measured,True,True
10,5,29,252,2372.173,570670.614,measured,True,True
10,5,30,252,2313.354,579043.906,measured,True,True
32,16,0,601080390,9147.388,,not_run_declared_combinatorial_boundary,True,
32,16,1,601080390,9298.025,,not_run_declared_combinatorial_boundary,True,
32,16,2,601080390,9016.661,,not_run_declared_combinatorial_boundary,True,
32,16,3,601080390,9052.105,,not_run_declared_combinatorial_boundary,True,
32,16,4,601080390,8871.352,,not_run_declared_combinatorial_boundary,True,
32,16,5,601080390,8898.302,,not_run_declared_combinatorial_boundary,True,
32,16,6,601080390,8802.789,,not_run_declared_combinatorial_boundary,True,
32,16,7,601080390,8875.138,,not_run_declared_combinatorial_boundary,True,
32,16,8,601080390,8807.506,,not_run_declared_combinatorial_boundary,True,
32,16,9,601080390,9755.774,,not_run_declared_combinatorial_boundary,True,
32,16,10,601080390,9230.643,,not_run_declared_combinatorial_boundary,True,
32,16,11,601080390,9028.93,,not_run_declared_combinatorial_boundary,True,
32,16,12,601080390,8985.383,,not_run_declared_combinatorial_boundary,True,
32,16,13,601080390,8885.363,,not_run_declared_combinatorial_boundary,True,
32,16,14,601080390,8821.408,,not_run_declared_combinatorial_boundary,True,
32,16,15,601080390,9083.412,,not_run_declared_combinatorial_boundary,True,
32,16,16,601080390,8957.482,,not_run_declared_combinatorial_boundary,True,
32,16,17,601080390,8897.061,,not_run_declared_combinatorial_boundary,True,
32,16,18,601080390,9050.211,,not_run_declared_combinatorial_boundary,True,
32,16,19,601080390,8959.815,,not_run_declared_combinatorial_boundary,True,
32,16,20,601080390,8796.74,,not_run_declared_combinatorial_boundary,True,
32,16,21,601080390,9613.409,,not_run_declared_combinatorial_boundary,True,
32,16,22,601080390,8813.044,,not_run_declared_combinatorial_boundary,True,
32,16,23,601080390,8876.5,,not_run_declared_combinatorial_boundary,True,
32,16,24,601080390,8825.273,,not_run_declared_combinatorial_boundary,True,
32,16,25,601080390,8877.551,,not_run_declared_combinatorial_boundary,True,
32,16,26,601080390,8925.854,,not_run_declared_combinatorial_boundary,True,
32,16,27,601080390,8976.43,,not_run_declared_combinatorial_boundary,True,
32,16,28,601080390,8887.627,,not_run_declared_combinatorial_boundary,True,
32,16,29,601080390,9198.465,,not_run_declared_combinatorial_boundary,True,
32,16,30,601080390,8988.799,,not_run_declared_combinatorial_boundary,True,
