configuration,attack,required_safeguard,attack_succeeds,observation,one_copy_removal,host_binding,tip_binding,key_isolation,collusion_robustness,parent_links
000000,delete_trace,one_copy_removal,True,designated safeguard absent,False,False,False,False,False,False
000000,transplant_trace,host_binding,True,designated safeguard absent,False,False,False,False,False,False
000000,replay_under_other_tip,tip_binding,True,designated safeguard absent,False,False,False,False,False,False
000000,adaptive_key_forgery,key_isolation,True,designated safeguard absent,False,False,False,False,False,False
000000,two_copy_cancellation,collusion_robustness,True,designated safeguard absent,False,False,False,False,False,False
000000,parent_free_splice,parent_links,True,designated safeguard absent,False,False,False,False,False,False
000001,delete_trace,one_copy_removal,True,designated safeguard absent,False,False,False,False,False,True
000001,transplant_trace,host_binding,True,designated safeguard absent,False,False,False,False,False,True
000001,replay_under_other_tip,tip_binding,True,designated safeguard absent,False,False,False,False,False,True
000001,adaptive_key_forgery,key_isolation,True,designated safeguard absent,False,False,False,False,False,True
000001,two_copy_cancellation,collusion_robustness,True,designated safeguard absent,False,False,False,False,False,True
000001,parent_free_splice,parent_links,False,designated safeguard present,False,False,False,False,False,True
000010,delete_trace,one_copy_removal,True,designated safeguard absent,False,False,False,False,True,False
000010,transplant_trace,host_binding,True,designated safeguard absent,False,False,False,False,True,False
000010,replay_under_other_tip,tip_binding,True,designated safeguard absent,False,False,False,False,True,False
000010,adaptive_key_forgery,key_isolation,True,designated safeguard absent,False,False,False,False,True,False
000010,two_copy_cancellation,collusion_robustness,False,designated safeguard present,False,False,False,False,True,False
000010,parent_free_splice,parent_links,True,designated safeguard absent,False,False,False,False,True,False
000011,delete_trace,one_copy_removal,True,designated safeguard absent,False,False,False,False,True,True
000011,transplant_trace,host_binding,True,designated safeguard absent,False,False,False,False,True,True
000011,replay_under_other_tip,tip_binding,True,designated safeguard absent,False,False,False,False,True,True
000011,adaptive_key_forgery,key_isolation,True,designated safeguard absent,False,False,False,False,True,True
000011,two_copy_cancellation,collusion_robustness,False,designated safeguard present,False,False,False,False,True,True
000011,parent_free_splice,parent_links,False,designated safeguard present,False,False,False,False,True,True
000100,delete_trace,one_copy_removal,True,designated safeguard absent,False,False,False,True,False,False
000100,transplant_trace,host_binding,True,designated safeguard absent,False,False,False,True,False,False
000100,replay_under_other_tip,tip_binding,True,designated safeguard absent,False,False,False,True,False,False
000100,adaptive_key_forgery,key_isolation,False,designated safeguard present,False,False,False,True,False,False
000100,two_copy_cancellation,collusion_robustness,True,designated safeguard absent,False,False,False,True,False,False
000100,parent_free_splice,parent_links,True,designated safeguard absent,False,False,False,True,False,False
000101,delete_trace,one_copy_removal,True,designated safeguard absent,False,False,False,True,False,True
000101,transplant_trace,host_binding,True,designated safeguard absent,False,False,False,True,False,True
000101,replay_under_other_tip,tip_binding,True,designated safeguard absent,False,False,False,True,False,True
000101,adaptive_key_forgery,key_isolation,False,designated safeguard present,False,False,False,True,False,True
000101,two_copy_cancellation,collusion_robustness,True,designated safeguard absent,False,False,False,True,False,True
000101,parent_free_splice,parent_links,False,designated safeguard present,False,False,False,True,False,True
000110,delete_trace,one_copy_removal,True,designated safeguard absent,False,False,False,True,True,False
000110,transplant_trace,host_binding,True,designated safeguard absent,False,False,False,True,True,False
000110,replay_under_other_tip,tip_binding,True,designated safeguard absent,False,False,False,True,True,False
000110,adaptive_key_forgery,key_isolation,False,designated safeguard present,False,False,False,True,True,False
000110,two_copy_cancellation,collusion_robustness,False,designated safeguard present,False,False,False,True,True,False
000110,parent_free_splice,parent_links,True,designated safeguard absent,False,False,False,True,True,False
000111,delete_trace,one_copy_removal,True,designated safeguard absent,False,False,False,True,True,True
000111,transplant_trace,host_binding,True,designated safeguard absent,False,False,False,True,True,True
000111,replay_under_other_tip,tip_binding,True,designated safeguard absent,False,False,False,True,True,True
000111,adaptive_key_forgery,key_isolation,False,designated safeguard present,False,False,False,True,True,True
000111,two_copy_cancellation,collusion_robustness,False,designated safeguard present,False,False,False,True,True,True
000111,parent_free_splice,parent_links,False,designated safeguard present,False,False,False,True,True,True
001000,delete_trace,one_copy_removal,True,designated safeguard absent,False,False,True,False,False,False
001000,transplant_trace,host_binding,True,designated safeguard absent,False,False,True,False,False,False
001000,replay_under_other_tip,tip_binding,False,designated safeguard present,False,False,True,False,False,False
001000,adaptive_key_forgery,key_isolation,True,designated safeguard absent,False,False,True,False,False,False
001000,two_copy_cancellation,collusion_robustness,True,designated safeguard absent,False,False,True,False,False,False
001000,parent_free_splice,parent_links,True,designated safeguard absent,False,False,True,False,False,False
001001,delete_trace,one_copy_removal,True,designated safeguard absent,False,False,True,False,False,True
001001,transplant_trace,host_binding,True,designated safeguard absent,False,False,True,False,False,True
001001,replay_under_other_tip,tip_binding,False,designated safeguard present,False,False,True,False,False,True
001001,adaptive_key_forgery,key_isolation,True,designated safeguard absent,False,False,True,False,False,True
001001,two_copy_cancellation,collusion_robustness,True,designated safeguard absent,False,False,True,False,False,True
001001,parent_free_splice,parent_links,False,designated safeguard present,False,False,True,False,False,True
001010,delete_trace,one_copy_removal,True,designated safeguard absent,False,False,True,False,True,False
001010,transplant_trace,host_binding,True,designated safeguard absent,False,False,True,False,True,False
001010,replay_under_other_tip,tip_binding,False,designated safeguard present,False,False,True,False,True,False
001010,adaptive_key_forgery,key_isolation,True,designated safeguard absent,False,False,True,False,True,False
001010,two_copy_cancellation,collusion_robustness,False,designated safeguard present,False,False,True,False,True,False
001010,parent_free_splice,parent_links,True,designated safeguard absent,False,False,True,False,True,False
001011,delete_trace,one_copy_removal,True,designated safeguard absent,False,False,True,False,True,True
001011,transplant_trace,host_binding,True,designated safeguard absent,False,False,True,False,True,True
001011,replay_under_other_tip,tip_binding,False,designated safeguard present,False,False,True,False,True,True
001011,adaptive_key_forgery,key_isolation,True,designated safeguard absent,False,False,True,False,True,True
001011,two_copy_cancellation,collusion_robustness,False,designated safeguard present,False,False,True,False,True,True
001011,parent_free_splice,parent_links,False,designated safeguard present,False,False,True,False,True,True
001100,delete_trace,one_copy_removal,True,designated safeguard absent,False,False,True,True,False,False
001100,transplant_trace,host_binding,True,designated safeguard absent,False,False,True,True,False,False
001100,replay_under_other_tip,tip_binding,False,designated safeguard present,False,False,True,True,False,False
001100,adaptive_key_forgery,key_isolation,False,designated safeguard present,False,False,True,True,False,False
001100,two_copy_cancellation,collusion_robustness,True,designated safeguard absent,False,False,True,True,False,False
001100,parent_free_splice,parent_links,True,designated safeguard absent,False,False,True,True,False,False
001101,delete_trace,one_copy_removal,True,designated safeguard absent,False,False,True,True,False,True
001101,transplant_trace,host_binding,True,designated safeguard absent,False,False,True,True,False,True
001101,replay_under_other_tip,tip_binding,False,designated safeguard present,False,False,True,True,False,True
001101,adaptive_key_forgery,key_isolation,False,designated safeguard present,False,False,True,True,False,True
001101,two_copy_cancellation,collusion_robustness,True,designated safeguard absent,False,False,True,True,False,True
001101,parent_free_splice,parent_links,False,designated safeguard present,False,False,True,True,False,True
001110,delete_trace,one_copy_removal,True,designated safeguard absent,False,False,True,True,True,False
001110,transplant_trace,host_binding,True,designated safeguard absent,False,False,True,True,True,False
001110,replay_under_other_tip,tip_binding,False,designated safeguard present,False,False,True,True,True,False
001110,adaptive_key_forgery,key_isolation,False,designated safeguard present,False,False,True,True,True,False
001110,two_copy_cancellation,collusion_robustness,False,designated safeguard present,False,False,True,True,True,False
001110,parent_free_splice,parent_links,True,designated safeguard absent,False,False,True,True,True,False
001111,delete_trace,one_copy_removal,True,designated safeguard absent,False,False,True,True,True,True
001111,transplant_trace,host_binding,True,designated safeguard absent,False,False,True,True,True,True
001111,replay_under_other_tip,tip_binding,False,designated safeguard present,False,False,True,True,True,True
001111,adaptive_key_forgery,key_isolation,False,designated safeguard present,False,False,True,True,True,True
001111,two_copy_cancellation,collusion_robustness,False,designated safeguard present,False,False,True,True,True,True
001111,parent_free_splice,parent_links,False,designated safeguard present,False,False,True,True,True,True
010000,delete_trace,one_copy_removal,True,designated safeguard absent,False,True,False,False,False,False
010000,transplant_trace,host_binding,False,designated safeguard present,False,True,False,False,False,False
010000,replay_under_other_tip,tip_binding,True,designated safeguard absent,False,True,False,False,False,False
010000,adaptive_key_forgery,key_isolation,True,designated safeguard absent,False,True,False,False,False,False
010000,two_copy_cancellation,collusion_robustness,True,designated safeguard absent,False,True,False,False,False,False
010000,parent_free_splice,parent_links,True,designated safeguard absent,False,True,False,False,False,False
010001,delete_trace,one_copy_removal,True,designated safeguard absent,False,True,False,False,False,True
010001,transplant_trace,host_binding,False,designated safeguard present,False,True,False,False,False,True
010001,replay_under_other_tip,tip_binding,True,designated safeguard absent,False,True,False,False,False,True
010001,adaptive_key_forgery,key_isolation,True,designated safeguard absent,False,True,False,False,False,True
010001,two_copy_cancellation,collusion_robustness,True,designated safeguard absent,False,True,False,False,False,True
010001,parent_free_splice,parent_links,False,designated safeguard present,False,True,False,False,False,True
010010,delete_trace,one_copy_removal,True,designated safeguard absent,False,True,False,False,True,False
010010,transplant_trace,host_binding,False,designated safeguard present,False,True,False,False,True,False
010010,replay_under_other_tip,tip_binding,True,designated safeguard absent,False,True,False,False,True,False
010010,adaptive_key_forgery,key_isolation,True,designated safeguard absent,False,True,False,False,True,False
010010,two_copy_cancellation,collusion_robustness,False,designated safeguard present,False,True,False,False,True,False
010010,parent_free_splice,parent_links,True,designated safeguard absent,False,True,False,False,True,False
010011,delete_trace,one_copy_removal,True,designated safeguard absent,False,True,False,False,True,True
010011,transplant_trace,host_binding,False,designated safeguard present,False,True,False,False,True,True
010011,replay_under_other_tip,tip_binding,True,designated safeguard absent,False,True,False,False,True,True
010011,adaptive_key_forgery,key_isolation,True,designated safeguard absent,False,True,False,False,True,True
010011,two_copy_cancellation,collusion_robustness,False,designated safeguard present,False,True,False,False,True,True
010011,parent_free_splice,parent_links,False,designated safeguard present,False,True,False,False,True,True
010100,delete_trace,one_copy_removal,True,designated safeguard absent,False,True,False,True,False,False
010100,transplant_trace,host_binding,False,designated safeguard present,False,True,False,True,False,False
010100,replay_under_other_tip,tip_binding,True,designated safeguard absent,False,True,False,True,False,False
010100,adaptive_key_forgery,key_isolation,False,designated safeguard present,False,True,False,True,False,False
010100,two_copy_cancellation,collusion_robustness,True,designated safeguard absent,False,True,False,True,False,False
010100,parent_free_splice,parent_links,True,designated safeguard absent,False,True,False,True,False,False
010101,delete_trace,one_copy_removal,True,designated safeguard absent,False,True,False,True,False,True
010101,transplant_trace,host_binding,False,designated safeguard present,False,True,False,True,False,True
010101,replay_under_other_tip,tip_binding,True,designated safeguard absent,False,True,False,True,False,True
010101,adaptive_key_forgery,key_isolation,False,designated safeguard present,False,True,False,True,False,True
010101,two_copy_cancellation,collusion_robustness,True,designated safeguard absent,False,True,False,True,False,True
010101,parent_free_splice,parent_links,False,designated safeguard present,False,True,False,True,False,True
010110,delete_trace,one_copy_removal,True,designated safeguard absent,False,True,False,True,True,False
010110,transplant_trace,host_binding,False,designated safeguard present,False,True,False,True,True,False
010110,replay_under_other_tip,tip_binding,True,designated safeguard absent,False,True,False,True,True,False
010110,adaptive_key_forgery,key_isolation,False,designated safeguard present,False,True,False,True,True,False
010110,two_copy_cancellation,collusion_robustness,False,designated safeguard present,False,True,False,True,True,False
010110,parent_free_splice,parent_links,True,designated safeguard absent,False,True,False,True,True,False
010111,delete_trace,one_copy_removal,True,designated safeguard absent,False,True,False,True,True,True
010111,transplant_trace,host_binding,False,designated safeguard present,False,True,False,True,True,True
010111,replay_under_other_tip,tip_binding,True,designated safeguard absent,False,True,False,True,True,True
010111,adaptive_key_forgery,key_isolation,False,designated safeguard present,False,True,False,True,True,True
010111,two_copy_cancellation,collusion_robustness,False,designated safeguard present,False,True,False,True,True,True
010111,parent_free_splice,parent_links,False,designated safeguard present,False,True,False,True,True,True
011000,delete_trace,one_copy_removal,True,designated safeguard absent,False,True,True,False,False,False
011000,transplant_trace,host_binding,False,designated safeguard present,False,True,True,False,False,False
011000,replay_under_other_tip,tip_binding,False,designated safeguard present,False,True,True,False,False,False
011000,adaptive_key_forgery,key_isolation,True,designated safeguard absent,False,True,True,False,False,False
011000,two_copy_cancellation,collusion_robustness,True,designated safeguard absent,False,True,True,False,False,False
011000,parent_free_splice,parent_links,True,designated safeguard absent,False,True,True,False,False,False
011001,delete_trace,one_copy_removal,True,designated safeguard absent,False,True,True,False,False,True
011001,transplant_trace,host_binding,False,designated safeguard present,False,True,True,False,False,True
011001,replay_under_other_tip,tip_binding,False,designated safeguard present,False,True,True,False,False,True
011001,adaptive_key_forgery,key_isolation,True,designated safeguard absent,False,True,True,False,False,True
011001,two_copy_cancellation,collusion_robustness,True,designated safeguard absent,False,True,True,False,False,True
011001,parent_free_splice,parent_links,False,designated safeguard present,False,True,True,False,False,True
011010,delete_trace,one_copy_removal,True,designated safeguard absent,False,True,True,False,True,False
011010,transplant_trace,host_binding,False,designated safeguard present,False,True,True,False,True,False
011010,replay_under_other_tip,tip_binding,False,designated safeguard present,False,True,True,False,True,False
011010,adaptive_key_forgery,key_isolation,True,designated safeguard absent,False,True,True,False,True,False
011010,two_copy_cancellation,collusion_robustness,False,designated safeguard present,False,True,True,False,True,False
011010,parent_free_splice,parent_links,True,designated safeguard absent,False,True,True,False,True,False
011011,delete_trace,one_copy_removal,True,designated safeguard absent,False,True,True,False,True,True
011011,transplant_trace,host_binding,False,designated safeguard present,False,True,True,False,True,True
011011,replay_under_other_tip,tip_binding,False,designated safeguard present,False,True,True,False,True,True
011011,adaptive_key_forgery,key_isolation,True,designated safeguard absent,False,True,True,False,True,True
011011,two_copy_cancellation,collusion_robustness,False,designated safeguard present,False,True,True,False,True,True
011011,parent_free_splice,parent_links,False,designated safeguard present,False,True,True,False,True,True
011100,delete_trace,one_copy_removal,True,designated safeguard absent,False,True,True,True,False,False
011100,transplant_trace,host_binding,False,designated safeguard present,False,True,True,True,False,False
011100,replay_under_other_tip,tip_binding,False,designated safeguard present,False,True,True,True,False,False
011100,adaptive_key_forgery,key_isolation,False,designated safeguard present,False,True,True,True,False,False
011100,two_copy_cancellation,collusion_robustness,True,designated safeguard absent,False,True,True,True,False,False
011100,parent_free_splice,parent_links,True,designated safeguard absent,False,True,True,True,False,False
011101,delete_trace,one_copy_removal,True,designated safeguard absent,False,True,True,True,False,True
011101,transplant_trace,host_binding,False,designated safeguard present,False,True,True,True,False,True
011101,replay_under_other_tip,tip_binding,False,designated safeguard present,False,True,True,True,False,True
011101,adaptive_key_forgery,key_isolation,False,designated safeguard present,False,True,True,True,False,True
011101,two_copy_cancellation,collusion_robustness,True,designated safeguard absent,False,True,True,True,False,True
011101,parent_free_splice,parent_links,False,designated safeguard present,False,True,True,True,False,True
011110,delete_trace,one_copy_removal,True,designated safeguard absent,False,True,True,True,True,False
011110,transplant_trace,host_binding,False,designated safeguard present,False,True,True,True,True,False
011110,replay_under_other_tip,tip_binding,False,designated safeguard present,False,True,True,True,True,False
011110,adaptive_key_forgery,key_isolation,False,designated safeguard present,False,True,True,True,True,False
011110,two_copy_cancellation,collusion_robustness,False,designated safeguard present,False,True,True,True,True,False
011110,parent_free_splice,parent_links,True,designated safeguard absent,False,True,True,True,True,False
011111,delete_trace,one_copy_removal,True,designated safeguard absent,False,True,True,True,True,True
011111,transplant_trace,host_binding,False,designated safeguard present,False,True,True,True,True,True
011111,replay_under_other_tip,tip_binding,False,designated safeguard present,False,True,True,True,True,True
011111,adaptive_key_forgery,key_isolation,False,designated safeguard present,False,True,True,True,True,True
011111,two_copy_cancellation,collusion_robustness,False,designated safeguard present,False,True,True,True,True,True
011111,parent_free_splice,parent_links,False,designated safeguard present,False,True,True,True,True,True
100000,delete_trace,one_copy_removal,False,designated safeguard present,True,False,False,False,False,False
100000,transplant_trace,host_binding,True,designated safeguard absent,True,False,False,False,False,False
100000,replay_under_other_tip,tip_binding,True,designated safeguard absent,True,False,False,False,False,False
100000,adaptive_key_forgery,key_isolation,True,designated safeguard absent,True,False,False,False,False,False
100000,two_copy_cancellation,collusion_robustness,True,designated safeguard absent,True,False,False,False,False,False
100000,parent_free_splice,parent_links,True,designated safeguard absent,True,False,False,False,False,False
100001,delete_trace,one_copy_removal,False,designated safeguard present,True,False,False,False,False,True
100001,transplant_trace,host_binding,True,designated safeguard absent,True,False,False,False,False,True
100001,replay_under_other_tip,tip_binding,True,designated safeguard absent,True,False,False,False,False,True
100001,adaptive_key_forgery,key_isolation,True,designated safeguard absent,True,False,False,False,False,True
100001,two_copy_cancellation,collusion_robustness,True,designated safeguard absent,True,False,False,False,False,True
100001,parent_free_splice,parent_links,False,designated safeguard present,True,False,False,False,False,True
100010,delete_trace,one_copy_removal,False,designated safeguard present,True,False,False,False,True,False
100010,transplant_trace,host_binding,True,designated safeguard absent,True,False,False,False,True,False
100010,replay_under_other_tip,tip_binding,True,designated safeguard absent,True,False,False,False,True,False
100010,adaptive_key_forgery,key_isolation,True,designated safeguard absent,True,False,False,False,True,False
100010,two_copy_cancellation,collusion_robustness,False,designated safeguard present,True,False,False,False,True,False
100010,parent_free_splice,parent_links,True,designated safeguard absent,True,False,False,False,True,False
100011,delete_trace,one_copy_removal,False,designated safeguard present,True,False,False,False,True,True
100011,transplant_trace,host_binding,True,designated safeguard absent,True,False,False,False,True,True
100011,replay_under_other_tip,tip_binding,True,designated safeguard absent,True,False,False,False,True,True
100011,adaptive_key_forgery,key_isolation,True,designated safeguard absent,True,False,False,False,True,True
100011,two_copy_cancellation,collusion_robustness,False,designated safeguard present,True,False,False,False,True,True
100011,parent_free_splice,parent_links,False,designated safeguard present,True,False,False,False,True,True
100100,delete_trace,one_copy_removal,False,designated safeguard present,True,False,False,True,False,False
100100,transplant_trace,host_binding,True,designated safeguard absent,True,False,False,True,False,False
100100,replay_under_other_tip,tip_binding,True,designated safeguard absent,True,False,False,True,False,False
100100,adaptive_key_forgery,key_isolation,False,designated safeguard present,True,False,False,True,False,False
100100,two_copy_cancellation,collusion_robustness,True,designated safeguard absent,True,False,False,True,False,False
100100,parent_free_splice,parent_links,True,designated safeguard absent,True,False,False,True,False,False
100101,delete_trace,one_copy_removal,False,designated safeguard present,True,False,False,True,False,True
100101,transplant_trace,host_binding,True,designated safeguard absent,True,False,False,True,False,True
100101,replay_under_other_tip,tip_binding,True,designated safeguard absent,True,False,False,True,False,True
100101,adaptive_key_forgery,key_isolation,False,designated safeguard present,True,False,False,True,False,True
100101,two_copy_cancellation,collusion_robustness,True,designated safeguard absent,True,False,False,True,False,True
100101,parent_free_splice,parent_links,False,designated safeguard present,True,False,False,True,False,True
100110,delete_trace,one_copy_removal,False,designated safeguard present,True,False,False,True,True,False
100110,transplant_trace,host_binding,True,designated safeguard absent,True,False,False,True,True,False
100110,replay_under_other_tip,tip_binding,True,designated safeguard absent,True,False,False,True,True,False
100110,adaptive_key_forgery,key_isolation,False,designated safeguard present,True,False,False,True,True,False
100110,two_copy_cancellation,collusion_robustness,False,designated safeguard present,True,False,False,True,True,False
100110,parent_free_splice,parent_links,True,designated safeguard absent,True,False,False,True,True,False
100111,delete_trace,one_copy_removal,False,designated safeguard present,True,False,False,True,True,True
100111,transplant_trace,host_binding,True,designated safeguard absent,True,False,False,True,True,True
100111,replay_under_other_tip,tip_binding,True,designated safeguard absent,True,False,False,True,True,True
100111,adaptive_key_forgery,key_isolation,False,designated safeguard present,True,False,False,True,True,True
100111,two_copy_cancellation,collusion_robustness,False,designated safeguard present,True,False,False,True,True,True
100111,parent_free_splice,parent_links,False,designated safeguard present,True,False,False,True,True,True
101000,delete_trace,one_copy_removal,False,designated safeguard present,True,False,True,False,False,False
101000,transplant_trace,host_binding,True,designated safeguard absent,True,False,True,False,False,False
101000,replay_under_other_tip,tip_binding,False,designated safeguard present,True,False,True,False,False,False
101000,adaptive_key_forgery,key_isolation,True,designated safeguard absent,True,False,True,False,False,False
101000,two_copy_cancellation,collusion_robustness,True,designated safeguard absent,True,False,True,False,False,False
101000,parent_free_splice,parent_links,True,designated safeguard absent,True,False,True,False,False,False
101001,delete_trace,one_copy_removal,False,designated safeguard present,True,False,True,False,False,True
101001,transplant_trace,host_binding,True,designated safeguard absent,True,False,True,False,False,True
101001,replay_under_other_tip,tip_binding,False,designated safeguard present,True,False,True,False,False,True
101001,adaptive_key_forgery,key_isolation,True,designated safeguard absent,True,False,True,False,False,True
101001,two_copy_cancellation,collusion_robustness,True,designated safeguard absent,True,False,True,False,False,True
101001,parent_free_splice,parent_links,False,designated safeguard present,True,False,True,False,False,True
101010,delete_trace,one_copy_removal,False,designated safeguard present,True,False,True,False,True,False
101010,transplant_trace,host_binding,True,designated safeguard absent,True,False,True,False,True,False
101010,replay_under_other_tip,tip_binding,False,designated safeguard present,True,False,True,False,True,False
101010,adaptive_key_forgery,key_isolation,True,designated safeguard absent,True,False,True,False,True,False
101010,two_copy_cancellation,collusion_robustness,False,designated safeguard present,True,False,True,False,True,False
101010,parent_free_splice,parent_links,True,designated safeguard absent,True,False,True,False,True,False
101011,delete_trace,one_copy_removal,False,designated safeguard present,True,False,True,False,True,True
101011,transplant_trace,host_binding,True,designated safeguard absent,True,False,True,False,True,True
101011,replay_under_other_tip,tip_binding,False,designated safeguard present,True,False,True,False,True,True
101011,adaptive_key_forgery,key_isolation,True,designated safeguard absent,True,False,True,False,True,True
101011,two_copy_cancellation,collusion_robustness,False,designated safeguard present,True,False,True,False,True,True
101011,parent_free_splice,parent_links,False,designated safeguard present,True,False,True,False,True,True
101100,delete_trace,one_copy_removal,False,designated safeguard present,True,False,True,True,False,False
101100,transplant_trace,host_binding,True,designated safeguard absent,True,False,True,True,False,False
101100,replay_under_other_tip,tip_binding,False,designated safeguard present,True,False,True,True,False,False
101100,adaptive_key_forgery,key_isolation,False,designated safeguard present,True,False,True,True,False,False
101100,two_copy_cancellation,collusion_robustness,True,designated safeguard absent,True,False,True,True,False,False
101100,parent_free_splice,parent_links,True,designated safeguard absent,True,False,True,True,False,False
101101,delete_trace,one_copy_removal,False,designated safeguard present,True,False,True,True,False,True
101101,transplant_trace,host_binding,True,designated safeguard absent,True,False,True,True,False,True
101101,replay_under_other_tip,tip_binding,False,designated safeguard present,True,False,True,True,False,True
101101,adaptive_key_forgery,key_isolation,False,designated safeguard present,True,False,True,True,False,True
101101,two_copy_cancellation,collusion_robustness,True,designated safeguard absent,True,False,True,True,False,True
101101,parent_free_splice,parent_links,False,designated safeguard present,True,False,True,True,False,True
101110,delete_trace,one_copy_removal,False,designated safeguard present,True,False,True,True,True,False
101110,transplant_trace,host_binding,True,designated safeguard absent,True,False,True,True,True,False
101110,replay_under_other_tip,tip_binding,False,designated safeguard present,True,False,True,True,True,False
101110,adaptive_key_forgery,key_isolation,False,designated safeguard present,True,False,True,True,True,False
101110,two_copy_cancellation,collusion_robustness,False,designated safeguard present,True,False,True,True,True,False
101110,parent_free_splice,parent_links,True,designated safeguard absent,True,False,True,True,True,False
101111,delete_trace,one_copy_removal,False,designated safeguard present,True,False,True,True,True,True
101111,transplant_trace,host_binding,True,designated safeguard absent,True,False,True,True,True,True
101111,replay_under_other_tip,tip_binding,False,designated safeguard present,True,False,True,True,True,True
101111,adaptive_key_forgery,key_isolation,False,designated safeguard present,True,False,True,True,True,True
101111,two_copy_cancellation,collusion_robustness,False,designated safeguard present,True,False,True,True,True,True
101111,parent_free_splice,parent_links,False,designated safeguard present,True,False,True,True,True,True
110000,delete_trace,one_copy_removal,False,designated safeguard present,True,True,False,False,False,False
110000,transplant_trace,host_binding,False,designated safeguard present,True,True,False,False,False,False
110000,replay_under_other_tip,tip_binding,True,designated safeguard absent,True,True,False,False,False,False
110000,adaptive_key_forgery,key_isolation,True,designated safeguard absent,True,True,False,False,False,False
110000,two_copy_cancellation,collusion_robustness,True,designated safeguard absent,True,True,False,False,False,False
110000,parent_free_splice,parent_links,True,designated safeguard absent,True,True,False,False,False,False
110001,delete_trace,one_copy_removal,False,designated safeguard present,True,True,False,False,False,True
110001,transplant_trace,host_binding,False,designated safeguard present,True,True,False,False,False,True
110001,replay_under_other_tip,tip_binding,True,designated safeguard absent,True,True,False,False,False,True
110001,adaptive_key_forgery,key_isolation,True,designated safeguard absent,True,True,False,False,False,True
110001,two_copy_cancellation,collusion_robustness,True,designated safeguard absent,True,True,False,False,False,True
110001,parent_free_splice,parent_links,False,designated safeguard present,True,True,False,False,False,True
110010,delete_trace,one_copy_removal,False,designated safeguard present,True,True,False,False,True,False
110010,transplant_trace,host_binding,False,designated safeguard present,True,True,False,False,True,False
110010,replay_under_other_tip,tip_binding,True,designated safeguard absent,True,True,False,False,True,False
110010,adaptive_key_forgery,key_isolation,True,designated safeguard absent,True,True,False,False,True,False
110010,two_copy_cancellation,collusion_robustness,False,designated safeguard present,True,True,False,False,True,False
110010,parent_free_splice,parent_links,True,designated safeguard absent,True,True,False,False,True,False
110011,delete_trace,one_copy_removal,False,designated safeguard present,True,True,False,False,True,True
110011,transplant_trace,host_binding,False,designated safeguard present,True,True,False,False,True,True
110011,replay_under_other_tip,tip_binding,True,designated safeguard absent,True,True,False,False,True,True
110011,adaptive_key_forgery,key_isolation,True,designated safeguard absent,True,True,False,False,True,True
110011,two_copy_cancellation,collusion_robustness,False,designated safeguard present,True,True,False,False,True,True
110011,parent_free_splice,parent_links,False,designated safeguard present,True,True,False,False,True,True
110100,delete_trace,one_copy_removal,False,designated safeguard present,True,True,False,True,False,False
110100,transplant_trace,host_binding,False,designated safeguard present,True,True,False,True,False,False
110100,replay_under_other_tip,tip_binding,True,designated safeguard absent,True,True,False,True,False,False
110100,adaptive_key_forgery,key_isolation,False,designated safeguard present,True,True,False,True,False,False
110100,two_copy_cancellation,collusion_robustness,True,designated safeguard absent,True,True,False,True,False,False
110100,parent_free_splice,parent_links,True,designated safeguard absent,True,True,False,True,False,False
110101,delete_trace,one_copy_removal,False,designated safeguard present,True,True,False,True,False,True
110101,transplant_trace,host_binding,False,designated safeguard present,True,True,False,True,False,True
110101,replay_under_other_tip,tip_binding,True,designated safeguard absent,True,True,False,True,False,True
110101,adaptive_key_forgery,key_isolation,False,designated safeguard present,True,True,False,True,False,True
110101,two_copy_cancellation,collusion_robustness,True,designated safeguard absent,True,True,False,True,False,True
110101,parent_free_splice,parent_links,False,designated safeguard present,True,True,False,True,False,True
110110,delete_trace,one_copy_removal,False,designated safeguard present,True,True,False,True,True,False
110110,transplant_trace,host_binding,False,designated safeguard present,True,True,False,True,True,False
110110,replay_under_other_tip,tip_binding,True,designated safeguard absent,True,True,False,True,True,False
110110,adaptive_key_forgery,key_isolation,False,designated safeguard present,True,True,False,True,True,False
110110,two_copy_cancellation,collusion_robustness,False,designated safeguard present,True,True,False,True,True,False
110110,parent_free_splice,parent_links,True,designated safeguard absent,True,True,False,True,True,False
110111,delete_trace,one_copy_removal,False,designated safeguard present,True,True,False,True,True,True
110111,transplant_trace,host_binding,False,designated safeguard present,True,True,False,True,True,True
110111,replay_under_other_tip,tip_binding,True,designated safeguard absent,True,True,False,True,True,True
110111,adaptive_key_forgery,key_isolation,False,designated safeguard present,True,True,False,True,True,True
110111,two_copy_cancellation,collusion_robustness,False,designated safeguard present,True,True,False,True,True,True
110111,parent_free_splice,parent_links,False,designated safeguard present,True,True,False,True,True,True
111000,delete_trace,one_copy_removal,False,designated safeguard present,True,True,True,False,False,False
111000,transplant_trace,host_binding,False,designated safeguard present,True,True,True,False,False,False
111000,replay_under_other_tip,tip_binding,False,designated safeguard present,True,True,True,False,False,False
111000,adaptive_key_forgery,key_isolation,True,designated safeguard absent,True,True,True,False,False,False
111000,two_copy_cancellation,collusion_robustness,True,designated safeguard absent,True,True,True,False,False,False
111000,parent_free_splice,parent_links,True,designated safeguard absent,True,True,True,False,False,False
111001,delete_trace,one_copy_removal,False,designated safeguard present,True,True,True,False,False,True
111001,transplant_trace,host_binding,False,designated safeguard present,True,True,True,False,False,True
111001,replay_under_other_tip,tip_binding,False,designated safeguard present,True,True,True,False,False,True
111001,adaptive_key_forgery,key_isolation,True,designated safeguard absent,True,True,True,False,False,True
111001,two_copy_cancellation,collusion_robustness,True,designated safeguard absent,True,True,True,False,False,True
111001,parent_free_splice,parent_links,False,designated safeguard present,True,True,True,False,False,True
111010,delete_trace,one_copy_removal,False,designated safeguard present,True,True,True,False,True,False
111010,transplant_trace,host_binding,False,designated safeguard present,True,True,True,False,True,False
111010,replay_under_other_tip,tip_binding,False,designated safeguard present,True,True,True,False,True,False
111010,adaptive_key_forgery,key_isolation,True,designated safeguard absent,True,True,True,False,True,False
111010,two_copy_cancellation,collusion_robustness,False,designated safeguard present,True,True,True,False,True,False
111010,parent_free_splice,parent_links,True,designated safeguard absent,True,True,True,False,True,False
111011,delete_trace,one_copy_removal,False,designated safeguard present,True,True,True,False,True,True
111011,transplant_trace,host_binding,False,designated safeguard present,True,True,True,False,True,True
111011,replay_under_other_tip,tip_binding,False,designated safeguard present,True,True,True,False,True,True
111011,adaptive_key_forgery,key_isolation,True,designated safeguard absent,True,True,True,False,True,True
111011,two_copy_cancellation,collusion_robustness,False,designated safeguard present,True,True,True,False,True,True
111011,parent_free_splice,parent_links,False,designated safeguard present,True,True,True,False,True,True
111100,delete_trace,one_copy_removal,False,designated safeguard present,True,True,True,True,False,False
111100,transplant_trace,host_binding,False,designated safeguard present,True,True,True,True,False,False
111100,replay_under_other_tip,tip_binding,False,designated safeguard present,True,True,True,True,False,False
111100,adaptive_key_forgery,key_isolation,False,designated safeguard present,True,True,True,True,False,False
111100,two_copy_cancellation,collusion_robustness,True,designated safeguard absent,True,True,True,True,False,False
111100,parent_free_splice,parent_links,True,designated safeguard absent,True,True,True,True,False,False
111101,delete_trace,one_copy_removal,False,designated safeguard present,True,True,True,True,False,True
111101,transplant_trace,host_binding,False,designated safeguard present,True,True,True,True,False,True
111101,replay_under_other_tip,tip_binding,False,designated safeguard present,True,True,True,True,False,True
111101,adaptive_key_forgery,key_isolation,False,designated safeguard present,True,True,True,True,False,True
111101,two_copy_cancellation,collusion_robustness,True,designated safeguard absent,True,True,True,True,False,True
111101,parent_free_splice,parent_links,False,designated safeguard present,True,True,True,True,False,True
111110,delete_trace,one_copy_removal,False,designated safeguard present,True,True,True,True,True,False
111110,transplant_trace,host_binding,False,designated safeguard present,True,True,True,True,True,False
111110,replay_under_other_tip,tip_binding,False,designated safeguard present,True,True,True,True,True,False
111110,adaptive_key_forgery,key_isolation,False,designated safeguard present,True,True,True,True,True,False
111110,two_copy_cancellation,collusion_robustness,False,designated safeguard present,True,True,True,True,True,False
111110,parent_free_splice,parent_links,True,designated safeguard absent,True,True,True,True,True,False
111111,delete_trace,one_copy_removal,False,designated safeguard present,True,True,True,True,True,True
111111,transplant_trace,host_binding,False,designated safeguard present,True,True,True,True,True,True
111111,replay_under_other_tip,tip_binding,False,designated safeguard present,True,True,True,True,True,True
111111,adaptive_key_forgery,key_isolation,False,designated safeguard present,True,True,True,True,True,True
111111,two_copy_cancellation,collusion_robustness,False,designated safeguard present,True,True,True,True,True,True
111111,parent_free_splice,parent_links,False,designated safeguard present,True,True,True,True,True,True
