position,field,actual_payload,expected_payload,still_reads,passed
0,tag,d449acb92215ed502901c9e6f6a4dc6d28e6856fb6754892becd148dee1b3e85,d449acb92215ed502901c9e6f6a4dc6d28e6856fb6754892becd148dee1b3e85,True,True
0,value,d449acb92215ed502901c9e6f6a4dc6d28e6856fb6754892becd148dee1b3e85,d449acb92215ed502901c9e6f6a4dc6d28e6856fb6754892becd148dee1b3e85,True,True
0,index,d449acb92215ed502901c9e6f6a4dc6d28e6856fb6754892becd148dee1b3e85,d449acb92215ed502901c9e6f6a4dc6d28e6856fb6754892becd148dee1b3e85,True,True
0,commitment,d449acb92215ed502901c9e6f6a4dc6d28e6856fb6754892becd148dee1b3e85,d449acb92215ed502901c9e6f6a4dc6d28e6856fb6754892becd148dee1b3e85,True,True
0,version,d449acb92215ed502901c9e6f6a4dc6d28e6856fb6754892becd148dee1b3e85,d449acb92215ed502901c9e6f6a4dc6d28e6856fb6754892becd148dee1b3e85,True,True
1,tag,d449acb92215ed502901c9e6f6a4dc6d28e6856fb6754892becd148dee1b3e85,d449acb92215ed502901c9e6f6a4dc6d28e6856fb6754892becd148dee1b3e85,True,True
1,value,d449acb92215ed502901c9e6f6a4dc6d28e6856fb6754892becd148dee1b3e85,d449acb92215ed502901c9e6f6a4dc6d28e6856fb6754892becd148dee1b3e85,True,True
1,index,d449acb92215ed502901c9e6f6a4dc6d28e6856fb6754892becd148dee1b3e85,d449acb92215ed502901c9e6f6a4dc6d28e6856fb6754892becd148dee1b3e85,True,True
1,commitment,d449acb92215ed502901c9e6f6a4dc6d28e6856fb6754892becd148dee1b3e85,d449acb92215ed502901c9e6f6a4dc6d28e6856fb6754892becd148dee1b3e85,True,True
1,version,d449acb92215ed502901c9e6f6a4dc6d28e6856fb6754892becd148dee1b3e85,d449acb92215ed502901c9e6f6a4dc6d28e6856fb6754892becd148dee1b3e85,True,True
2,tag,d449acb92215ed502901c9e6f6a4dc6d28e6856fb6754892becd148dee1b3e85,d449acb92215ed502901c9e6f6a4dc6d28e6856fb6754892becd148dee1b3e85,True,True
2,value,d449acb92215ed502901c9e6f6a4dc6d28e6856fb6754892becd148dee1b3e85,d449acb92215ed502901c9e6f6a4dc6d28e6856fb6754892becd148dee1b3e85,True,True
2,index,d449acb92215ed502901c9e6f6a4dc6d28e6856fb6754892becd148dee1b3e85,d449acb92215ed502901c9e6f6a4dc6d28e6856fb6754892becd148dee1b3e85,True,True
2,commitment,d449acb92215ed502901c9e6f6a4dc6d28e6856fb6754892becd148dee1b3e85,d449acb92215ed502901c9e6f6a4dc6d28e6856fb6754892becd148dee1b3e85,True,True
2,version,d449acb92215ed502901c9e6f6a4dc6d28e6856fb6754892becd148dee1b3e85,d449acb92215ed502901c9e6f6a4dc6d28e6856fb6754892becd148dee1b3e85,True,True
3,tag,d449acb92215ed502901c9e6f6a4dc6d28e6856fb6754892becd148dee1b3e85,d449acb92215ed502901c9e6f6a4dc6d28e6856fb6754892becd148dee1b3e85,True,True
3,value,d449acb92215ed502901c9e6f6a4dc6d28e6856fb6754892becd148dee1b3e85,d449acb92215ed502901c9e6f6a4dc6d28e6856fb6754892becd148dee1b3e85,True,True
3,index,d449acb92215ed502901c9e6f6a4dc6d28e6856fb6754892becd148dee1b3e85,d449acb92215ed502901c9e6f6a4dc6d28e6856fb6754892becd148dee1b3e85,True,True
3,commitment,d449acb92215ed502901c9e6f6a4dc6d28e6856fb6754892becd148dee1b3e85,d449acb92215ed502901c9e6f6a4dc6d28e6856fb6754892becd148dee1b3e85,True,True
3,version,d449acb92215ed502901c9e6f6a4dc6d28e6856fb6754892becd148dee1b3e85,d449acb92215ed502901c9e6f6a4dc6d28e6856fb6754892becd148dee1b3e85,True,True
4,tag,d449acb92215ed502901c9e6f6a4dc6d28e6856fb6754892becd148dee1b3e85,d449acb92215ed502901c9e6f6a4dc6d28e6856fb6754892becd148dee1b3e85,True,True
4,value,d449acb92215ed502901c9e6f6a4dc6d28e6856fb6754892becd148dee1b3e85,d449acb92215ed502901c9e6f6a4dc6d28e6856fb6754892becd148dee1b3e85,True,True
4,index,d449acb92215ed502901c9e6f6a4dc6d28e6856fb6754892becd148dee1b3e85,d449acb92215ed502901c9e6f6a4dc6d28e6856fb6754892becd148dee1b3e85,True,True
4,commitment,d449acb92215ed502901c9e6f6a4dc6d28e6856fb6754892becd148dee1b3e85,d449acb92215ed502901c9e6f6a4dc6d28e6856fb6754892becd148dee1b3e85,True,True
4,version,d449acb92215ed502901c9e6f6a4dc6d28e6856fb6754892becd148dee1b3e85,d449acb92215ed502901c9e6f6a4dc6d28e6856fb6754892becd148dee1b3e85,True,True
