mask,kept,actual_payload,expected_payload,read_success,expected_success,public_authorized,passed
00000,0,,,False,False,False,True
00001,1,,,False,False,False,True
00010,1,,,False,False,False,True
00011,2,,,False,False,False,True
00100,1,,,False,False,False,True
00101,2,,,False,False,False,True
00110,2,,,False,False,False,True
00111,3,d449acb92215ed502901c9e6f6a4dc6d28e6856fb6754892becd148dee1b3e85,d449acb92215ed502901c9e6f6a4dc6d28e6856fb6754892becd148dee1b3e85,True,True,True,True
01000,1,,,False,False,False,True
01001,2,,,False,False,False,True
01010,2,,,False,False,False,True
01011,3,d449acb92215ed502901c9e6f6a4dc6d28e6856fb6754892becd148dee1b3e85,d449acb92215ed502901c9e6f6a4dc6d28e6856fb6754892becd148dee1b3e85,True,True,True,True
01100,2,,,False,False,False,True
01101,3,d449acb92215ed502901c9e6f6a4dc6d28e6856fb6754892becd148dee1b3e85,d449acb92215ed502901c9e6f6a4dc6d28e6856fb6754892becd148dee1b3e85,True,True,True,True
01110,3,d449acb92215ed502901c9e6f6a4dc6d28e6856fb6754892becd148dee1b3e85,d449acb92215ed502901c9e6f6a4dc6d28e6856fb6754892becd148dee1b3e85,True,True,True,True
01111,4,d449acb92215ed502901c9e6f6a4dc6d28e6856fb6754892becd148dee1b3e85,d449acb92215ed502901c9e6f6a4dc6d28e6856fb6754892becd148dee1b3e85,True,True,True,True
10000,1,,,False,False,False,True
10001,2,,,False,False,False,True
10010,2,,,False,False,False,True
10011,3,d449acb92215ed502901c9e6f6a4dc6d28e6856fb6754892becd148dee1b3e85,d449acb92215ed502901c9e6f6a4dc6d28e6856fb6754892becd148dee1b3e85,True,True,True,True
10100,2,,,False,False,False,True
10101,3,d449acb92215ed502901c9e6f6a4dc6d28e6856fb6754892becd148dee1b3e85,d449acb92215ed502901c9e6f6a4dc6d28e6856fb6754892becd148dee1b3e85,True,True,True,True
10110,3,d449acb92215ed502901c9e6f6a4dc6d28e6856fb6754892becd148dee1b3e85,d449acb92215ed502901c9e6f6a4dc6d28e6856fb6754892becd148dee1b3e85,True,True,True,True
10111,4,d449acb92215ed502901c9e6f6a4dc6d28e6856fb6754892becd148dee1b3e85,d449acb92215ed502901c9e6f6a4dc6d28e6856fb6754892becd148dee1b3e85,True,True,True,True
11000,2,,,False,False,False,True
11001,3,d449acb92215ed502901c9e6f6a4dc6d28e6856fb6754892becd148dee1b3e85,d449acb92215ed502901c9e6f6a4dc6d28e6856fb6754892becd148dee1b3e85,True,True,True,True
11010,3,d449acb92215ed502901c9e6f6a4dc6d28e6856fb6754892becd148dee1b3e85,d449acb92215ed502901c9e6f6a4dc6d28e6856fb6754892becd148dee1b3e85,True,True,True,True
11011,4,d449acb92215ed502901c9e6f6a4dc6d28e6856fb6754892becd148dee1b3e85,d449acb92215ed502901c9e6f6a4dc6d28e6856fb6754892becd148dee1b3e85,True,True,True,True
11100,3,d449acb92215ed502901c9e6f6a4dc6d28e6856fb6754892becd148dee1b3e85,d449acb92215ed502901c9e6f6a4dc6d28e6856fb6754892becd148dee1b3e85,True,True,True,True
11101,4,d449acb92215ed502901c9e6f6a4dc6d28e6856fb6754892becd148dee1b3e85,d449acb92215ed502901c9e6f6a4dc6d28e6856fb6754892becd148dee1b3e85,True,True,True,True
11110,4,d449acb92215ed502901c9e6f6a4dc6d28e6856fb6754892becd148dee1b3e85,d449acb92215ed502901c9e6f6a4dc6d28e6856fb6754892becd148dee1b3e85,True,True,True,True
11111,5,d449acb92215ed502901c9e6f6a4dc6d28e6856fb6754892becd148dee1b3e85,d449acb92215ed502901c9e6f6a4dc6d28e6856fb6754892becd148dee1b3e85,True,True,True,True
